Genus	Sum	Percent	KOrtholog	Host_Genus
g__Acidovorax	0	0	K00526	Homo
g__Acinetobacter	1.806	0.10512113377159	K00526	Homo
g__Actinobacillus	0	0	K00526	Homo
g__Advenella	0	0	K00526	Homo
g__Aggregatibacter	341.563	19.8812235960275	K00526	Homo
g__Agrobacterium	0.699	0.0406864188850175	K00526	Homo
g__Arcanobacterium	0	0	K00526	Homo
g__Bacteroides	0.066	0.00384163611789865	K00526	Homo
g__Campylobacter	114.358	6.65639126016142	K00526	Homo
g__Capnocytophaga	141.753	8.25096128212859	K00526	Homo
g__Clostridium	0	0	K00526	Homo
g__Corynebacterium	0	0	K00526	Homo
g__Enterobacter	0.473	0.027531725511607	K00526	Homo
g__Erysipelothrix	0	0	K00526	Homo
g__Escherichia	0	0	K00526	Homo
g__Exiguobacterium	0.437	0.0254362876291168	K00526	Homo
g__Faecalibacterium	0	0	K00526	Homo
g__Filifactor	8.193	0.476886738090055	K00526	Homo
g__Fusobacterium	77.176	4.49215316719615	K00526	Homo
g__Haemophilus	73.865	4.2994310886149	K00526	Homo
g__Klebsiella	0	0	K00526	Homo
g__Kocuria	1.113	0.0647839545336545	K00526	Homo
g__Lachnospiraceae_noname	0.182	0.0105936026281448	K00526	Homo
g__Lactobacillus	0	0	K00526	Homo
g__Lactococcus	0.242	0.0140859990989617	K00526	Homo
g__Leptotrichia	24.193	1.40819246364124	K00526	Homo
g__Lysinibacillus	0	0	K00526	Homo
g__Macrococcus	0	0	K00526	Homo
g__Micrococcus	5.753	0.334862614943499	K00526	Homo
g__Micromonospora	0	0	K00526	Homo
g__Morganella	0	0	K00526	Homo
g__Neisseria	322.379	18.7645880310916	K00526	Homo
g__Nitrosomonas	0	0	K00526	Homo
g__Nitrosospira	0	0	K00526	Homo
g__Oligotropha	0	0	K00526	Homo
g__Pantoea	0.077	0.00448190880421509	K00526	Homo
g__Paracoccus	0	0	K00526	Homo
g__Prevotella	2.138	0.124445727576777	K00526	Homo
g__Propionibacterium	110.223	6.41570693671428	K00526	Homo
g__Pseudomonas	5.395	0.314024649334291	K00526	Homo
g__Rhodococcus	0	0	K00526	Homo
g__Rhodopseudomonas	0.163	0.00948767707905272	K00526	Homo
g__Rothia	165.714	9.64564981274934	K00526	Homo
g__Staphylococcus	6.105	0.355351340905625	K00526	Homo
g__Stenotrophomonas	0.109	0.00634452025531746	K00526	Homo
g__Streptococcus	0	0	K00526	Homo
g__Streptomyces	0.361	0.0210125854327487	K00526	Homo
g__Streptosporangium	2.171	0.126366545635727	K00526	Homo
g__Tannerella	100.798	5.86710965775679	K00526	Homo
g__Variovorax	1.053	0.0612915580628375	K00526	Homo
g__Veillonella	22.411	1.30446828845798	K00526	Homo
unclassified	187.049	10.887487791164	K00526	Homo
Total	1718.018	100	K00526	Homo
g__Acidovorax	0	0	K00526	Pan
g__Acinetobacter	0	0	K00526	Pan
g__Actinobacillus	0	0	K00526	Pan
g__Advenella	0.197	0.139394025161683	K00526	Pan
g__Aggregatibacter	0	0	K00526	Pan
g__Agrobacterium	0	0	K00526	Pan
g__Arcanobacterium	0	0	K00526	Pan
g__Bacteroides	0	0	K00526	Pan
g__Campylobacter	4.2	2.97185231309172	K00526	Pan
g__Capnocytophaga	0.651	0.460637108529216	K00526	Pan
g__Clostridium	0.175	0.123827179712155	K00526	Pan
g__Corynebacterium	0	0	K00526	Pan
g__Enterobacter	0.94	0.665128851025289	K00526	Pan
g__Erysipelothrix	0	0	K00526	Pan
g__Escherichia	0.41	0.290109392468477	K00526	Pan
g__Exiguobacterium	0	0	K00526	Pan
g__Faecalibacterium	0	0	K00526	Pan
g__Filifactor	1.697	1.20076985126587	K00526	Pan
g__Fusobacterium	25.388	17.9641396487554	K00526	Pan
g__Haemophilus	0	0	K00526	Pan
g__Klebsiella	0	0	K00526	Pan
g__Kocuria	1.809	1.28001924628165	K00526	Pan
g__Lachnospiraceae_noname	0	0	K00526	Pan
g__Lactobacillus	0	0	K00526	Pan
g__Lactococcus	0	0	K00526	Pan
g__Leptotrichia	0	0	K00526	Pan
g__Lysinibacillus	1.206	0.853346164187764	K00526	Pan
g__Macrococcus	0.092	0.06509771733439	K00526	Pan
g__Micrococcus	0	0	K00526	Pan
g__Micromonospora	1.663	1.17671199920751	K00526	Pan
g__Morganella	0.842	0.595785630386482	K00526	Pan
g__Neisseria	0	0	K00526	Pan
g__Nitrosomonas	0	0	K00526	Pan
g__Nitrosospira	0	0	K00526	Pan
g__Oligotropha	0	0	K00526	Pan
g__Pantoea	0	0	K00526	Pan
g__Paracoccus	4.555	3.22304459193637	K00526	Pan
g__Prevotella	0.143	0.101184495421932	K00526	Pan
g__Propionibacterium	0.583	0.412521404412493	K00526	Pan
g__Pseudomonas	0.93	0.658053012184595	K00526	Pan
g__Rhodococcus	0.719	0.508752812645939	K00526	Pan
g__Rhodopseudomonas	0.48	0.339640264353339	K00526	Pan
g__Rothia	0.279	0.197415903655378	K00526	Pan
g__Staphylococcus	0.196	0.138686441277613	K00526	Pan
g__Stenotrophomonas	0.598	0.423135162673535	K00526	Pan
g__Streptococcus	0	0	K00526	Pan
g__Streptomyces	0	0	K00526	Pan
g__Streptosporangium	0	0	K00526	Pan
g__Tannerella	21.68	15.3404186066258	K00526	Pan
g__Variovorax	0	0	K00526	Pan
g__Veillonella	0	0	K00526	Pan
unclassified	71.893	50.8703281774054	K00526	Pan
Total	141.326	100	K00526	Pan
g__Acidovorax	0	0	K00526	Gorilla
g__Acinetobacter	3.062	0.380301334780681	K00526	Gorilla
g__Actinobacillus	3.24	0.402408989121295	K00526	Gorilla
g__Advenella	0	0	K00526	Gorilla
g__Aggregatibacter	209.487	26.0183493531027	K00526	Gorilla
g__Agrobacterium	0	0	K00526	Gorilla
g__Arcanobacterium	0.113	0.0140346344971316	K00526	Gorilla
g__Bacteroides	0.11	0.0136620335812785	K00526	Gorilla
g__Campylobacter	1.342	0.166676809691598	K00526	Gorilla
g__Capnocytophaga	1.14	0.141588348024159	K00526	Gorilla
g__Clostridium	0	0	K00526	Gorilla
g__Corynebacterium	0	0	K00526	Gorilla
g__Enterobacter	0.551	0.0684343682116771	K00526	Gorilla
g__Erysipelothrix	1.781	0.221200743711428	K00526	Gorilla
g__Escherichia	6.797	0.84418947501773	K00526	Gorilla
g__Exiguobacterium	4.012	0.498291624800814	K00526	Gorilla
g__Faecalibacterium	0	0	K00526	Gorilla
g__Filifactor	1.242	0.154256779163163	K00526	Gorilla
g__Fusobacterium	17.451	2.1674195275172	K00526	Gorilla
g__Haemophilus	0	0	K00526	Gorilla
g__Klebsiella	0.29	0.0360180885324616	K00526	Gorilla
g__Kocuria	0	0	K00526	Gorilla
g__Lachnospiraceae_noname	0	0	K00526	Gorilla
g__Lactobacillus	0.994	0.123455103452644	K00526	Gorilla
g__Lactococcus	0.222	0.0275724677731258	K00526	Gorilla
g__Leptotrichia	0	0	K00526	Gorilla
g__Lysinibacillus	0	0	K00526	Gorilla
g__Macrococcus	0.353	0.0438427077653757	K00526	Gorilla
g__Micrococcus	0	0	K00526	Gorilla
g__Micromonospora	0	0	K00526	Gorilla
g__Morganella	0.491	0.060982349894616	K00526	Gorilla
g__Neisseria	181.058	22.4874588741739	K00526	Gorilla
g__Nitrosomonas	0.333	0.0413587016596887	K00526	Gorilla
g__Nitrosospira	0.206	0.0255852628885762	K00526	Gorilla
g__Oligotropha	1.468	0.182326048157426	K00526	Gorilla
g__Pantoea	0	0	K00526	Gorilla
g__Paracoccus	0	0	K00526	Gorilla
g__Prevotella	0	0	K00526	Gorilla
g__Propionibacterium	0.2	0.0248400610568701	K00526	Gorilla
g__Pseudomonas	2.424	0.301061540009265	K00526	Gorilla
g__Rhodococcus	0.116	0.0144072354129846	K00526	Gorilla
g__Rhodopseudomonas	0.222	0.0275724677731258	K00526	Gorilla
g__Rothia	46.272	5.74699652611746	K00526	Gorilla
g__Staphylococcus	1.585	0.196857483875695	K00526	Gorilla
g__Stenotrophomonas	0	0	K00526	Gorilla
g__Streptococcus	5.194	0.645096385646916	K00526	Gorilla
g__Streptomyces	0	0	K00526	Gorilla
g__Streptosporangium	0	0	K00526	Gorilla
g__Tannerella	6.721	0.834750251816119	K00526	Gorilla
g__Variovorax	0	0	K00526	Gorilla
g__Veillonella	1.182	0.146804760846102	K00526	Gorilla
unclassified	305.492	37.9421996619268	K00526	Gorilla
Total	805.151	100	K00526	Gorilla
g__Acidovorax	0	0	K00526	Alouatta
g__Acinetobacter	0	0	K00526	Alouatta
g__Actinobacillus	0	0	K00526	Alouatta
g__Advenella	0	0	K00526	Alouatta
g__Aggregatibacter	141.127	48.9052991974273	K00526	Alouatta
g__Agrobacterium	0	0	K00526	Alouatta
g__Arcanobacterium	0	0	K00526	Alouatta
g__Bacteroides	0.139	0.0481682214490664	K00526	Alouatta
g__Campylobacter	4.733	1.64014526703908	K00526	Alouatta
g__Capnocytophaga	0.308	0.106732461915917	K00526	Alouatta
g__Clostridium	0	0	K00526	Alouatta
g__Corynebacterium	0.377	0.13064330565682	K00526	Alouatta
g__Enterobacter	0	0	K00526	Alouatta
g__Erysipelothrix	0	0	K00526	Alouatta
g__Escherichia	0	0	K00526	Alouatta
g__Exiguobacterium	0	0	K00526	Alouatta
g__Faecalibacterium	0	0	K00526	Alouatta
g__Filifactor	0	0	K00526	Alouatta
g__Fusobacterium	11.505	3.98687329332021	K00526	Alouatta
g__Haemophilus	0	0	K00526	Alouatta
g__Klebsiella	0	0	K00526	Alouatta
g__Kocuria	0	0	K00526	Alouatta
g__Lachnospiraceae_noname	0	0	K00526	Alouatta
g__Lactobacillus	0	0	K00526	Alouatta
g__Lactococcus	0	0	K00526	Alouatta
g__Leptotrichia	0	0	K00526	Alouatta
g__Lysinibacillus	0	0	K00526	Alouatta
g__Macrococcus	0	0	K00526	Alouatta
g__Micrococcus	0	0	K00526	Alouatta
g__Micromonospora	0	0	K00526	Alouatta
g__Morganella	0	0	K00526	Alouatta
g__Neisseria	2.375	0.823018172241243	K00526	Alouatta
g__Nitrosomonas	0.369	0.127871033918745	K00526	Alouatta
g__Nitrosospira	0	0	K00526	Alouatta
g__Oligotropha	0	0	K00526	Alouatta
g__Pantoea	0	0	K00526	Alouatta
g__Paracoccus	0	0	K00526	Alouatta
g__Prevotella	0	0	K00526	Alouatta
g__Propionibacterium	0.072	0.0249504456426819	K00526	Alouatta
g__Pseudomonas	0	0	K00526	Alouatta
g__Rhodococcus	0	0	K00526	Alouatta
g__Rhodopseudomonas	0.506	0.175346187433292	K00526	Alouatta
g__Rothia	0.959	0.332326074601832	K00526	Alouatta
g__Staphylococcus	0	0	K00526	Alouatta
g__Stenotrophomonas	0.829	0.287276658858101	K00526	Alouatta
g__Streptococcus	0	0	K00526	Alouatta
g__Streptomyces	0.334	0.115742345064663	K00526	Alouatta
g__Streptosporangium	0	0	K00526	Alouatta
g__Tannerella	0	0	K00526	Alouatta
g__Variovorax	0	0	K00526	Alouatta
g__Veillonella	0	0	K00526	Alouatta
unclassified	124.939	43.295607335431	K00526	Alouatta
Total	288.572	100	K00526	Alouatta
g__Acidovorax	0	0	K00658	Homo
g__Acinetobacter	12.275	0.923068361954092	K00658	Homo
g__Actinobacillus	0	0	K00658	Homo
g__Agrobacterium	1.477	0.111068999642053	K00658	Homo
g__Arcanobacterium	0	0	K00658	Homo
g__Arthrobacter	0	0	K00658	Homo
g__Bacillus	0	0	K00658	Homo
g__Bacteroides	0	0	K00658	Homo
g__Candida	0.033	0.00248156871238167	K00658	Homo
g__Capnocytophaga	32.882	2.47269522425861	K00658	Homo
g__Chlorobium	1.026	0.077154227239503	K00658	Homo
g__Corynebacterium	0	0	K00658	Homo
g__Enterobacter	0.361	0.0271468577324177	K00658	Homo
g__Escherichia	0	0	K00658	Homo
g__Exiguobacterium	0.178	0.013385431236483	K00658	Homo
g__Flavobacterium	0	0	K00658	Homo
g__Haemophilus	38.284	2.8789205025703	K00658	Homo
g__Klebsiella	0	0	K00658	Homo
g__Kocuria	0.399	0.0300044217042512	K00658	Homo
g__Lysinibacillus	0	0	K00658	Homo
g__Macrococcus	0	0	K00658	Homo
g__Malassezia	0.348	0.0261692700578431	K00658	Homo
g__Micrococcus	0.948	0.0712887011920554	K00658	Homo
g__Micromonospora	0	0	K00658	Homo
g__Morganella	0	0	K00658	Homo
g__Neisseria	340.304	25.5905381544949	K00658	Homo
g__Nitrosomonas	0	0	K00658	Homo
g__Oligotropha	0	0	K00658	Homo
g__Pantoea	0.141	0.0106030663165399	K00658	Homo
g__Paracoccus	0	0	K00658	Homo
g__Propionibacterium	435.386	32.7406144063336	K00658	Homo
g__Proteus	0	0	K00658	Homo
g__Pseudomonas	0.091	0.00684311372202219	K00658	Homo
g__Ralstonia	3.857	0.290042743141094	K00658	Homo
g__Rhodanobacter	0	0	K00658	Homo
g__Rhodococcus	0	0	K00658	Homo
g__Rhodopseudomonas	1.632	0.122724852685057	K00658	Homo
g__Rothia	164.007	12.3331709033812	K00658	Homo
g__Staphylococcus	4.92	0.369979335300541	K00658	Homo
g__Stenotrophomonas	0	0	K00658	Homo
g__Streptosporangium	1.704	0.128139184421163	K00658	Homo
g__Variovorax	0.527	0.0396299003462164	K00658	Homo
unclassified	289.024	21.7343307735576	K00658	Homo
Total	1329.804	100	K00658	Homo
g__Acidovorax	0	0	K00658	Pan
g__Acinetobacter	0.81	1.75796510113725	K00658	Pan
g__Actinobacillus	0	0	K00658	Pan
g__Agrobacterium	0	0	K00658	Pan
g__Arcanobacterium	0	0	K00658	Pan
g__Arthrobacter	0	0	K00658	Pan
g__Bacillus	4.35	9.44092369129265	K00658	Pan
g__Bacteroides	0	0	K00658	Pan
g__Candida	0	0	K00658	Pan
g__Capnocytophaga	0.212	0.460109384495182	K00658	Pan
g__Chlorobium	0	0	K00658	Pan
g__Corynebacterium	0	0	K00658	Pan
g__Enterobacter	1.186	2.57400816043059	K00658	Pan
g__Escherichia	0	0	K00658	Pan
g__Exiguobacterium	0	0	K00658	Pan
g__Flavobacterium	0.193	0.418873166073444	K00658	Pan
g__Haemophilus	0	0	K00658	Pan
g__Klebsiella	0	0	K00658	Pan
g__Kocuria	0.328	0.711867349596319	K00658	Pan
g__Lysinibacillus	2.249	4.88106606476257	K00658	Pan
g__Macrococcus	0.219	0.475301675492664	K00658	Pan
g__Malassezia	0	0	K00658	Pan
g__Micrococcus	0	0	K00658	Pan
g__Micromonospora	1.29	2.79972219810747	K00658	Pan
g__Morganella	0.934	2.02708568452123	K00658	Pan
g__Neisseria	0	0	K00658	Pan
g__Nitrosomonas	0	0	K00658	Pan
g__Oligotropha	0	0	K00658	Pan
g__Pantoea	0	0	K00658	Pan
g__Paracoccus	6.465	14.0311658998177	K00658	Pan
g__Propionibacterium	22.067	47.8926122059207	K00658	Pan
g__Proteus	0	0	K00658	Pan
g__Pseudomonas	0.153	0.332060074659259	K00658	Pan
g__Ralstonia	0	0	K00658	Pan
g__Rhodanobacter	0	0	K00658	Pan
g__Rhodococcus	0.636	1.38032815348555	K00658	Pan
g__Rhodopseudomonas	1.17	2.53928292386492	K00658	Pan
g__Rothia	0.119	0.258268946957201	K00658	Pan
g__Staphylococcus	0.432	0.937581387273201	K00658	Pan
g__Stenotrophomonas	0.643	1.39552044448303	K00658	Pan
g__Streptosporangium	0	0	K00658	Pan
g__Variovorax	0	0	K00658	Pan
unclassified	2.62	5.68625748762913	K00658	Pan
Total	46.076	100	K00658	Pan
g__Acidovorax	0	0	K00658	Gorilla
g__Acinetobacter	0.758	0.141207153502235	K00658	Gorilla
g__Actinobacillus	4.187	0.779992548435172	K00658	Gorilla
g__Agrobacterium	0	0	K00658	Gorilla
g__Arcanobacterium	0.32	0.0596125186289121	K00658	Gorilla
g__Arthrobacter	0.197	0.036698956780924	K00658	Gorilla
g__Bacillus	0	0	K00658	Gorilla
g__Bacteroides	0.163	0.0303651266766021	K00658	Gorilla
g__Candida	0	0	K00658	Gorilla
g__Capnocytophaga	4.048	0.754098360655738	K00658	Gorilla
g__Chlorobium	0	0	K00658	Gorilla
g__Corynebacterium	0	0	K00658	Gorilla
g__Enterobacter	0.511	0.095193740685544	K00658	Gorilla
g__Escherichia	1.717	0.319858420268256	K00658	Gorilla
g__Exiguobacterium	5.234	0.975037257824143	K00658	Gorilla
g__Flavobacterium	0	0	K00658	Gorilla
g__Haemophilus	0	0	K00658	Gorilla
g__Klebsiella	0.538	0.100223546944858	K00658	Gorilla
g__Kocuria	0	0	K00658	Gorilla
g__Lysinibacillus	0.122	0.0227272727272727	K00658	Gorilla
g__Macrococcus	0.268	0.0499254843517139	K00658	Gorilla
g__Malassezia	0	0	K00658	Gorilla
g__Micrococcus	0	0	K00658	Gorilla
g__Micromonospora	0	0	K00658	Gorilla
g__Morganella	0.829	0.154433681073025	K00658	Gorilla
g__Neisseria	173.255	32.275521609538	K00658	Gorilla
g__Nitrosomonas	0.514	0.09575260804769	K00658	Gorilla
g__Oligotropha	0.102	0.0190014903129657	K00658	Gorilla
g__Pantoea	0	0	K00658	Gorilla
g__Paracoccus	0	0	K00658	Gorilla
g__Propionibacterium	27.207	5.06836810730253	K00658	Gorilla
g__Proteus	0.503	0.0937034277198212	K00658	Gorilla
g__Pseudomonas	0.781	0.145491803278689	K00658	Gorilla
g__Ralstonia	0	0	K00658	Gorilla
g__Rhodanobacter	1.262	0.235096870342772	K00658	Gorilla
g__Rhodococcus	0.142	0.0264530551415797	K00658	Gorilla
g__Rhodopseudomonas	1.482	0.276080476900149	K00658	Gorilla
g__Rothia	117.492	21.8874813710879	K00658	Gorilla
g__Staphylococcus	1.889	0.351900149031297	K00658	Gorilla
g__Stenotrophomonas	0	0	K00658	Gorilla
g__Streptosporangium	0	0	K00658	Gorilla
g__Variovorax	0	0	K00658	Gorilla
unclassified	193.279	36.0057749627422	K00658	Gorilla
Total	536.8	100	K00658	Gorilla
g__Acidovorax	0	0	K00658	Alouatta
g__Acinetobacter	0	0	K00658	Alouatta
g__Actinobacillus	0	0	K00658	Alouatta
g__Agrobacterium	0	0	K00658	Alouatta
g__Arcanobacterium	0	0	K00658	Alouatta
g__Arthrobacter	0	0	K00658	Alouatta
g__Bacillus	0	0	K00658	Alouatta
g__Bacteroides	0	0	K00658	Alouatta
g__Candida	0	0	K00658	Alouatta
g__Capnocytophaga	0	0	K00658	Alouatta
g__Chlorobium	0	0	K00658	Alouatta
g__Corynebacterium	0.191	0.154533244874513	K00658	Alouatta
g__Enterobacter	0	0	K00658	Alouatta
g__Escherichia	0	0	K00658	Alouatta
g__Exiguobacterium	0	0	K00658	Alouatta
g__Flavobacterium	0	0	K00658	Alouatta
g__Haemophilus	0	0	K00658	Alouatta
g__Klebsiella	0	0	K00658	Alouatta
g__Kocuria	0	0	K00658	Alouatta
g__Lysinibacillus	0	0	K00658	Alouatta
g__Macrococcus	0	0	K00658	Alouatta
g__Malassezia	0	0	K00658	Alouatta
g__Micrococcus	0	0	K00658	Alouatta
g__Micromonospora	0	0	K00658	Alouatta
g__Morganella	0	0	K00658	Alouatta
g__Neisseria	1.565	1.26620171847441	K00658	Alouatta
g__Nitrosomonas	0	0	K00658	Alouatta
g__Oligotropha	0	0	K00658	Alouatta
g__Pantoea	0	0	K00658	Alouatta
g__Paracoccus	0	0	K00658	Alouatta
g__Propionibacterium	15.398	12.4581303904594	K00658	Alouatta
g__Proteus	0	0	K00658	Alouatta
g__Pseudomonas	0	0	K00658	Alouatta
g__Ralstonia	0	0	K00658	Alouatta
g__Rhodanobacter	0	0	K00658	Alouatta
g__Rhodococcus	0	0	K00658	Alouatta
g__Rhodopseudomonas	0.787	0.636741694849431	K00658	Alouatta
g__Rothia	1.525	1.23383873525462	K00658	Alouatta
g__Staphylococcus	0	0	K00658	Alouatta
g__Stenotrophomonas	0.716	0.579297399634298	K00658	Alouatta
g__Streptosporangium	0	0	K00658	Alouatta
g__Variovorax	0	0	K00658	Alouatta
unclassified	103.416	83.6712568164533	K00658	Alouatta
Total	123.598	100	K00658	Alouatta
g__Acidovorax	0	0	K00674	Homo
g__Acinetobacter	0	0	K00674	Homo
g__Actinobacillus	0	0	K00674	Homo
g__Advenella	0	0	K00674	Homo
g__Aeromicrobium	0	0	K00674	Homo
g__Aeromonas	0	0	K00674	Homo
g__Aggregatibacter	174.952	7.29736843093148	K00674	Homo
g__Agrobacterium	0.689	0.0287386645989288	K00674	Homo
g__Arthrobacter	0	0	K00674	Homo
g__Atopobium	2.828	0.117957827990959	K00674	Homo
g__Bifidobacterium	0.619	0.0258189163813308	K00674	Homo
g__Burkholderia	30.709	1.28089354306024	K00674	Homo
g__Campylobacter	5.466	0.22799062510558	K00674	Homo
g__Capnocytophaga	185.779	7.74897005881624	K00674	Homo
g__Caulobacter	0.137	0.0057143643687275	K00674	Homo
g__Chlorobium	0.307	0.0128051814686083	K00674	Homo
g__Citrobacter	0	0	K00674	Homo
g__Clostridium	0	0	K00674	Homo
g__Corynebacterium	0	0	K00674	Homo
g__Enterobacter	0.133	0.00554752161343618	K00674	Homo
g__Escherichia	0	0	K00674	Homo
g__Exiguobacterium	0.339	0.0141399235109388	K00674	Homo
g__Haemophilus	36.194	1.50967667125345	K00674	Homo
g__Klebsiella	0	0	K00674	Homo
g__Kocuria	0	0	K00674	Homo
g__Lactococcus	0.149	0.00621489263460144	K00674	Homo
g__Leptotrichia	16.231	0.677006190283328	K00674	Homo
g__Macrococcus	0	0	K00674	Homo
g__Micrococcus	0.814	0.0339525007017823	K00674	Homo
g__Micromonospora	0	0	K00674	Homo
g__Neisseria	108.951	4.54442125793598	K00674	Homo
g__Nitrosomonas	0	0	K00674	Homo
g__Nitrosospira	0	0	K00674	Homo
g__Oligotropha	0	0	K00674	Homo
g__Paracoccus	0	0	K00674	Homo
g__Propionibacterium	520.804	21.7230935816843	K00674	Homo
g__Pseudomonas	2.465	0.102816847948272	K00674	Homo
g__Rhodanobacter	0	0	K00674	Homo
g__Rhodopseudomonas	1.309	0.0545992916690824	K00674	Homo
g__Rothia	4.412	0.184027559086319	K00674	Homo
g__Stenotrophomonas	0	0	K00674	Homo
g__Streptococcus	1005.72	41.949273962895	K00674	Homo
g__Streptomyces	0.955	0.0398337078258011	K00674	Homo
g__Streptosporangium	0.982	0.0409598964240175	K00674	Homo
g__Variovorax	0.681	0.0284049790883462	K00674	Homo
unclassified	295.842	12.3397736027232	K00674	Homo
Total	2397.467	100	K00674	Homo
g__Acidovorax	0	0	K00674	Pan
g__Acinetobacter	0	0	K00674	Pan
g__Actinobacillus	0	0	K00674	Pan
g__Advenella	0.276	0.719687092568449	K00674	Pan
g__Aeromicrobium	0	0	K00674	Pan
g__Aeromonas	0	0	K00674	Pan
g__Aggregatibacter	0	0	K00674	Pan
g__Agrobacterium	0	0	K00674	Pan
g__Arthrobacter	0	0	K00674	Pan
g__Atopobium	0	0	K00674	Pan
g__Bifidobacterium	0.28	0.730117340286832	K00674	Pan
g__Burkholderia	0	0	K00674	Pan
g__Campylobacter	0	0	K00674	Pan
g__Capnocytophaga	0	0	K00674	Pan
g__Caulobacter	0	0	K00674	Pan
g__Chlorobium	0	0	K00674	Pan
g__Citrobacter	0	0	K00674	Pan
g__Clostridium	0.257	0.670143415906128	K00674	Pan
g__Corynebacterium	0	0	K00674	Pan
g__Enterobacter	1.436	3.74445893089961	K00674	Pan
g__Escherichia	0.22	0.573663624511082	K00674	Pan
g__Exiguobacterium	0	0	K00674	Pan
g__Haemophilus	0	0	K00674	Pan
g__Klebsiella	0	0	K00674	Pan
g__Kocuria	0.704	1.83572359843546	K00674	Pan
g__Lactococcus	0	0	K00674	Pan
g__Leptotrichia	0	0	K00674	Pan
g__Macrococcus	0.522	1.36114732724902	K00674	Pan
g__Micrococcus	0	0	K00674	Pan
g__Micromonospora	1.781	4.64406779661017	K00674	Pan
g__Neisseria	0	0	K00674	Pan
g__Nitrosomonas	0	0	K00674	Pan
g__Nitrosospira	0	0	K00674	Pan
g__Oligotropha	0	0	K00674	Pan
g__Paracoccus	4.09	10.6649282920469	K00674	Pan
g__Propionibacterium	20.416	53.2359843546284	K00674	Pan
g__Pseudomonas	1.081	2.81877444589309	K00674	Pan
g__Rhodanobacter	0	0	K00674	Pan
g__Rhodopseudomonas	0.324	0.844850065189048	K00674	Pan
g__Rothia	0	0	K00674	Pan
g__Stenotrophomonas	0.126	0.328552803129074	K00674	Pan
g__Streptococcus	1.966	5.1264667535854	K00674	Pan
g__Streptomyces	0	0	K00674	Pan
g__Streptosporangium	0	0	K00674	Pan
g__Variovorax	0	0	K00674	Pan
unclassified	4.871	12.7014341590613	K00674	Pan
Total	38.35	100	K00674	Pan
g__Acidovorax	0	0	K00674	Gorilla
g__Acinetobacter	1.605	0.281611060910455	K00674	Gorilla
g__Actinobacillus	0.248	0.0435137340223008	K00674	Gorilla
g__Advenella	0	0	K00674	Gorilla
g__Aeromicrobium	0	0	K00674	Gorilla
g__Aeromonas	0.777	0.136331336029547	K00674	Gorilla
g__Aggregatibacter	53.599	9.40440576556976	K00674	Gorilla
g__Agrobacterium	0	0	K00674	Gorilla
g__Arthrobacter	1.379	0.241957416196584	K00674	Gorilla
g__Atopobium	0	0	K00674	Gorilla
g__Bifidobacterium	7.146	1.25382719082001	K00674	Gorilla
g__Burkholderia	0	0	K00674	Gorilla
g__Campylobacter	0	0	K00674	Gorilla
g__Capnocytophaga	2.085	0.365831191276198	K00674	Gorilla
g__Caulobacter	0	0	K00674	Gorilla
g__Chlorobium	0	0	K00674	Gorilla
g__Citrobacter	0.517	0.0907120987481028	K00674	Gorilla
g__Clostridium	0	0	K00674	Gorilla
g__Corynebacterium	0	0	K00674	Gorilla
g__Enterobacter	4.087	0.71709931834332	K00674	Gorilla
g__Escherichia	4.004	0.702536254134243	K00674	Gorilla
g__Exiguobacterium	5.209	0.913963873073245	K00674	Gorilla
g__Haemophilus	0	0	K00674	Gorilla
g__Klebsiella	0.268	0.0470229061208734	K00674	Gorilla
g__Kocuria	0	0	K00674	Gorilla
g__Lactococcus	0	0	K00674	Gorilla
g__Leptotrichia	0	0	K00674	Gorilla
g__Macrococcus	0.311	0.0545676261328046	K00674	Gorilla
g__Micrococcus	0	0	K00674	Gorilla
g__Micromonospora	0	0	K00674	Gorilla
g__Neisseria	182.191	31.9669786905524	K00674	Gorilla
g__Nitrosomonas	0.47	0.0824655443164571	K00674	Gorilla
g__Nitrosospira	0.154	0.0270206251590094	K00674	Gorilla
g__Oligotropha	0.149	0.0261433321343662	K00674	Gorilla
g__Paracoccus	0	0	K00674	Gorilla
g__Propionibacterium	28.352	4.97460236693658	K00674	Gorilla
g__Pseudomonas	2.367	0.415310517866072	K00674	Gorilla
g__Rhodanobacter	0.32	0.0561467535771623	K00674	Gorilla
g__Rhodopseudomonas	0.773	0.135629501609833	K00674	Gorilla
g__Rothia	1.681	0.294945914885031	K00674	Gorilla
g__Stenotrophomonas	0	0	K00674	Gorilla
g__Streptococcus	27.801	4.8779246756209	K00674	Gorilla
g__Streptomyces	0	0	K00674	Gorilla
g__Streptosporangium	0	0	K00674	Gorilla
g__Variovorax	0	0	K00674	Gorilla
unclassified	244.442	42.8894523059647	K00674	Gorilla
Total	569.935	100	K00674	Gorilla
g__Acidovorax	0	0	K00674	Alouatta
g__Acinetobacter	0	0	K00674	Alouatta
g__Actinobacillus	0	0	K00674	Alouatta
g__Advenella	0	0	K00674	Alouatta
g__Aeromicrobium	0.104	0.042140920860161	K00674	Alouatta
g__Aeromonas	0	0	K00674	Alouatta
g__Aggregatibacter	60.357	24.4567265418917	K00674	Alouatta
g__Agrobacterium	0	0	K00674	Alouatta
g__Arthrobacter	0	0	K00674	Alouatta
g__Atopobium	0	0	K00674	Alouatta
g__Bifidobacterium	0.143	0.0579437661827214	K00674	Alouatta
g__Burkholderia	0	0	K00674	Alouatta
g__Campylobacter	2.417	0.979371208836627	K00674	Alouatta
g__Capnocytophaga	0.09	0.036468104590524	K00674	Alouatta
g__Caulobacter	0	0	K00674	Alouatta
g__Chlorobium	0	0	K00674	Alouatta
g__Citrobacter	0	0	K00674	Alouatta
g__Clostridium	0	0	K00674	Alouatta
g__Corynebacterium	0.427	0.17302089622393	K00674	Alouatta
g__Enterobacter	0	0	K00674	Alouatta
g__Escherichia	0	0	K00674	Alouatta
g__Exiguobacterium	0	0	K00674	Alouatta
g__Haemophilus	0	0	K00674	Alouatta
g__Klebsiella	0	0	K00674	Alouatta
g__Kocuria	0	0	K00674	Alouatta
g__Lactococcus	0	0	K00674	Alouatta
g__Leptotrichia	0	0	K00674	Alouatta
g__Macrococcus	0	0	K00674	Alouatta
g__Micrococcus	0	0	K00674	Alouatta
g__Micromonospora	0	0	K00674	Alouatta
g__Neisseria	3.171	1.28489288507279	K00674	Alouatta
g__Nitrosomonas	0	0	K00674	Alouatta
g__Nitrosospira	0	0	K00674	Alouatta
g__Oligotropha	0	0	K00674	Alouatta
g__Paracoccus	0	0	K00674	Alouatta
g__Propionibacterium	4.081	1.6536259425992	K00674	Alouatta
g__Pseudomonas	0	0	K00674	Alouatta
g__Rhodanobacter	0	0	K00674	Alouatta
g__Rhodopseudomonas	0.26	0.105352302150403	K00674	Alouatta
g__Rothia	0	0	K00674	Alouatta
g__Stenotrophomonas	0.278	0.112645923068507	K00674	Alouatta
g__Streptococcus	0.212	0.0859026463687898	K00674	Alouatta
g__Streptomyces	0.439	0.177883310169334	K00674	Alouatta
g__Streptosporangium	0	0	K00674	Alouatta
g__Variovorax	0	0	K00674	Alouatta
unclassified	174.812	70.8340255519853	K00674	Alouatta
Total	246.791	100	K00674	Alouatta
g__Acidovorax	0	0	K01092	Homo
g__Acinetobacter	0.645	0.0501584462546416	K01092	Homo
g__Actinobacillus	0	0	K01092	Homo
g__Aeromonas	0	0	K01092	Homo
g__Aggregatibacter	341.867	26.5852985205203	K01092	Homo
g__Agrobacterium	0.149	0.011586989909987	K01092	Homo
g__Arcanobacterium	0	0	K01092	Homo
g__Bacillus	0	0	K01092	Homo
g__Bacteroides	0	0	K01092	Homo
g__Bifidobacterium	0.506	0.039349106674184	K01092	Homo
g__Chlorobium	0.691	0.0537356377704765	K01092	Homo
g__Citrobacter	0	0	K01092	Homo
g__Corynebacterium	0	0	K01092	Homo
g__Debaryomyces	0	0	K01092	Homo
g__Desulfovibrio	0	0	K01092	Homo
g__Enterobacter	0.847	0.065866982911134	K01092	Homo
g__Erysipelothrix	0	0	K01092	Homo
g__Escherichia	0	0	K01092	Homo
g__Exiguobacterium	0	0	K01092	Homo
g__Haemophilus	42.265	3.2867391177557	K01092	Homo
g__Klebsiella	0	0	K01092	Homo
g__Lactobacillus	0	0	K01092	Homo
g__Lysinibacillus	0	0	K01092	Homo
g__Macrococcus	0	0	K01092	Homo
g__Micrococcus	1.19	0.0925403892139899	K01092	Homo
g__Micromonospora	0	0	K01092	Homo
g__Neisseria	464.135	36.0934735696094	K01092	Homo
g__Nitrosomonas	0	0	K01092	Homo
g__Nitrosospira	0	0	K01092	Homo
g__Oligotropha	0	0	K01092	Homo
g__Pantoea	0.107	0.0083208585259638	K01092	Homo
g__Paracoccus	0	0	K01092	Homo
g__Pseudomonas	3.483	0.270855609775065	K01092	Homo
g__Rhodanobacter	0	0	K01092	Homo
g__Rhodococcus	0	0	K01092	Homo
g__Rhodopseudomonas	0.768	0.0597235453078523	K01092	Homo
g__Staphylococcus	3.887	0.302272683088049	K01092	Homo
g__Streptococcus	338.092	26.2917355211229	K01092	Homo
g__Streptomyces	0	0	K01092	Homo
g__Streptosporangium	0.747	0.0580904796158407	K01092	Homo
g__Variovorax	0.43	0.0334389641697611	K01092	Homo
unclassified	86.116	6.69681357777475	K01092	Homo
Total	1285.925	100	K01092	Homo
g__Acidovorax	0	0	K01092	Pan
g__Acinetobacter	0.354	1.87004754358162	K01092	Pan
g__Actinobacillus	0	0	K01092	Pan
g__Aeromonas	0	0	K01092	Pan
g__Aggregatibacter	0	0	K01092	Pan
g__Agrobacterium	0	0	K01092	Pan
g__Arcanobacterium	0	0	K01092	Pan
g__Bacillus	2.467	13.0322239830956	K01092	Pan
g__Bacteroides	0	0	K01092	Pan
g__Bifidobacterium	0.299	1.57950343370312	K01092	Pan
g__Chlorobium	0	0	K01092	Pan
g__Citrobacter	0	0	K01092	Pan
g__Corynebacterium	0	0	K01092	Pan
g__Debaryomyces	0.072	0.380348652931854	K01092	Pan
g__Desulfovibrio	0	0	K01092	Pan
g__Enterobacter	1.785	9.42947702060222	K01092	Pan
g__Erysipelothrix	0	0	K01092	Pan
g__Escherichia	0	0	K01092	Pan
g__Exiguobacterium	0	0	K01092	Pan
g__Haemophilus	0	0	K01092	Pan
g__Klebsiella	0	0	K01092	Pan
g__Lactobacillus	0	0	K01092	Pan
g__Lysinibacillus	1.845	9.74643423137876	K01092	Pan
g__Macrococcus	0.165	0.871632329635499	K01092	Pan
g__Micrococcus	0	0	K01092	Pan
g__Micromonospora	1.76	9.29741151611199	K01092	Pan
g__Neisseria	0	0	K01092	Pan
g__Nitrosomonas	0	0	K01092	Pan
g__Nitrosospira	0	0	K01092	Pan
g__Oligotropha	0	0	K01092	Pan
g__Pantoea	0	0	K01092	Pan
g__Paracoccus	8.896	46.9941891178024	K01092	Pan
g__Pseudomonas	0.694	3.66613840464871	K01092	Pan
g__Rhodanobacter	0	0	K01092	Pan
g__Rhodococcus	0	0	K01092	Pan
g__Rhodopseudomonas	0.435	2.29793977812995	K01092	Pan
g__Staphylococcus	0	0	K01092	Pan
g__Streptococcus	0.158	0.834653988378236	K01092	Pan
g__Streptomyces	0	0	K01092	Pan
g__Streptosporangium	0	0	K01092	Pan
g__Variovorax	0	0	K01092	Pan
unclassified	0	0	K01092	Pan
Total	18.93	100	K01092	Pan
g__Acidovorax	0	0	K01092	Gorilla
g__Acinetobacter	2.71	0.915976867359113	K01092	Gorilla
g__Actinobacillus	4.618	1.56087866179498	K01092	Gorilla
g__Aeromonas	0.318	0.107483632405977	K01092	Gorilla
g__Aggregatibacter	98.308	33.227990360273	K01092	Gorilla
g__Agrobacterium	0	0	K01092	Gorilla
g__Arcanobacterium	0.145	0.0490098323863732	K01092	Gorilla
g__Bacillus	0	0	K01092	Gorilla
g__Bacteroides	0.151	0.0510378254506369	K01092	Gorilla
g__Bifidobacterium	6.363	2.15068664465168	K01092	Gorilla
g__Chlorobium	0	0	K01092	Gorilla
g__Citrobacter	1.237	0.41810457008237	K01092	Gorilla
g__Corynebacterium	0	0	K01092	Gorilla
g__Debaryomyces	0	0	K01092	Gorilla
g__Desulfovibrio	0.541	0.182857374627779	K01092	Gorilla
g__Enterobacter	1.945	0.657407751665489	K01092	Gorilla
g__Erysipelothrix	3.278	1.10796021077608	K01092	Gorilla
g__Escherichia	4.197	1.41858114845247	K01092	Gorilla
g__Exiguobacterium	3.447	1.16508201541951	K01092	Gorilla
g__Haemophilus	0	0	K01092	Gorilla
g__Klebsiella	0.413	0.139593522590153	K01092	Gorilla
g__Lactobacillus	3.135	1.05962637607779	K01092	Gorilla
g__Lysinibacillus	0	0	K01092	Gorilla
g__Macrococcus	0	0	K01092	Gorilla
g__Micrococcus	0	0	K01092	Gorilla
g__Micromonospora	0	0	K01092	Gorilla
g__Neisseria	38.469	13.0024775315268	K01092	Gorilla
g__Nitrosomonas	0.646	0.218347253252394	K01092	Gorilla
g__Nitrosospira	0.846	0.285947022061184	K01092	Gorilla
g__Oligotropha	0.18	0.0608397919279116	K01092	Gorilla
g__Pantoea	0	0	K01092	Gorilla
g__Paracoccus	0	0	K01092	Gorilla
g__Pseudomonas	3.901	1.31853349061546	K01092	Gorilla
g__Rhodanobacter	0.167	0.0564458069553402	K01092	Gorilla
g__Rhodococcus	0.269	0.0909216890478234	K01092	Gorilla
g__Rhodopseudomonas	0.79	0.267019086794723	K01092	Gorilla
g__Staphylococcus	0.448	0.151423482131691	K01092	Gorilla
g__Streptococcus	4.505	1.52268479241801	K01092	Gorilla
g__Streptomyces	0	0	K01092	Gorilla
g__Streptosporangium	0	0	K01092	Gorilla
g__Variovorax	0	0	K01092	Gorilla
unclassified	114.832	38.8130832592553	K01092	Gorilla
Total	295.859	100	K01092	Gorilla
g__Acidovorax	0	0	K01092	Alouatta
g__Acinetobacter	0	0	K01092	Alouatta
g__Actinobacillus	0	0	K01092	Alouatta
g__Aeromonas	0	0	K01092	Alouatta
g__Aggregatibacter	106.879	72.9434969253974	K01092	Alouatta
g__Agrobacterium	0	0	K01092	Alouatta
g__Arcanobacterium	0	0	K01092	Alouatta
g__Bacillus	0	0	K01092	Alouatta
g__Bacteroides	0	0	K01092	Alouatta
g__Bifidobacterium	0	0	K01092	Alouatta
g__Chlorobium	0	0	K01092	Alouatta
g__Citrobacter	0	0	K01092	Alouatta
g__Corynebacterium	0.096	0.0655187240228497	K01092	Alouatta
g__Debaryomyces	0	0	K01092	Alouatta
g__Desulfovibrio	0	0	K01092	Alouatta
g__Enterobacter	0	0	K01092	Alouatta
g__Erysipelothrix	0	0	K01092	Alouatta
g__Escherichia	0	0	K01092	Alouatta
g__Exiguobacterium	0	0	K01092	Alouatta
g__Haemophilus	0	0	K01092	Alouatta
g__Klebsiella	0	0	K01092	Alouatta
g__Lactobacillus	0	0	K01092	Alouatta
g__Lysinibacillus	0	0	K01092	Alouatta
g__Macrococcus	0	0	K01092	Alouatta
g__Micrococcus	0	0	K01092	Alouatta
g__Micromonospora	0	0	K01092	Alouatta
g__Neisseria	1.33	0.907707322399896	K01092	Alouatta
g__Nitrosomonas	0.175	0.119435173999986	K01092	Alouatta
g__Nitrosospira	0	0	K01092	Alouatta
g__Oligotropha	0	0	K01092	Alouatta
g__Pantoea	0	0	K01092	Alouatta
g__Paracoccus	0	0	K01092	Alouatta
g__Pseudomonas	0	0	K01092	Alouatta
g__Rhodanobacter	0	0	K01092	Alouatta
g__Rhodococcus	0	0	K01092	Alouatta
g__Rhodopseudomonas	0.093	0.0634712638971356	K01092	Alouatta
g__Staphylococcus	0	0	K01092	Alouatta
g__Streptococcus	0	0	K01092	Alouatta
g__Streptomyces	0.224	0.152877022719983	K01092	Alouatta
g__Streptosporangium	0	0	K01092	Alouatta
g__Variovorax	0	0	K01092	Alouatta
unclassified	37.726	25.7474935675628	K01092	Alouatta
Total	146.523	100	K01092	Alouatta
g__Acidaminococcus	0	0	K01657	Homo
g__Acidovorax	0	0	K01657	Homo
g__Actinobacillus	0	0	K01657	Homo
g__Advenella	0	0	K01657	Homo
g__Aggregatibacter	192.996	9.49632981387792	K01657	Homo
g__Arthrobacter	0	0	K01657	Homo
g__Bacteroides	0	0	K01657	Homo
g__Campylobacter	4.644	0.228507096808478	K01657	Homo
g__Candida	0.028	0.00137773443381511	K01657	Homo
g__Chlorobium	2.851	0.140282888243103	K01657	Homo
g__Citrobacter	0	0	K01657	Homo
g__Debaryomyces	0	0	K01657	Homo
g__Desulfovibrio	0	0	K01657	Homo
g__Enterobacter	0.07	0.00344433608453779	K01657	Homo
g__Escherichia	0	0	K01657	Homo
g__Exiguobacterium	0	0	K01657	Homo
g__Haemophilus	34.281	1.68678979020057	K01657	Homo
g__Kocuria	0.974	0.0479254763762829	K01657	Homo
g__Lactococcus	0	0	K01657	Homo
g__Leptotrichia	14.187	0.698068514733394	K01657	Homo
g__Lysinibacillus	0	0	K01657	Homo
g__Malassezia	4.913	0.241743188333345	K01657	Homo
g__Methanobrevibacter	1.03	0.0506809452439131	K01657	Homo
g__Micrococcus	0.176	0.00866004501255214	K01657	Homo
g__Micromonospora	0	0	K01657	Homo
g__Morganella	0	0	K01657	Homo
g__Neisseria	472.541	23.2512859674796	K01657	Homo
g__Nitrosomonas	0	0	K01657	Homo
g__Nitrosospira	0	0	K01657	Homo
g__Paracoccus	0	0	K01657	Homo
g__Prevotella	0.809	0.0398066841770153	K01657	Homo
g__Propionibacterium	446.788	21.9841147219781	K01657	Homo
g__Pseudomonas	0.862	0.0424145386410224	K01657	Homo
g__Rhodanobacter	0	0	K01657	Homo
g__Rhodococcus	0	0	K01657	Homo
g__Rothia	63.989	3.1485660244784	K01657	Homo
g__Staphylococcus	0.865	0.0425621530446455	K01657	Homo
g__Stenotrophomonas	0.518	0.0254880870255796	K01657	Homo
g__Streptococcus	639.493	31.4661259387046	K01657	Homo
g__Streptomyces	0.758	0.0372972393154234	K01657	Homo
g__Variovorax	0.605	0.029768904730648	K01657	Homo
g__Veillonella	16.966	0.834808657289544	K01657	Homo
unclassified	131.978	6.49395125378754	K01657	Homo
Total	2032.322	100	K01657	Homo
g__Acidaminococcus	0	0	K01657	Pan
g__Acidovorax	0	0	K01657	Pan
g__Actinobacillus	0	0	K01657	Pan
g__Advenella	0.146	0.405004299703182	K01657	Pan
g__Aggregatibacter	0.059	0.16366612111293	K01657	Pan
g__Arthrobacter	0	0	K01657	Pan
g__Bacteroides	0	0	K01657	Pan
g__Campylobacter	0	0	K01657	Pan
g__Candida	0	0	K01657	Pan
g__Chlorobium	0	0	K01657	Pan
g__Citrobacter	0	0	K01657	Pan
g__Debaryomyces	0.044	0.122056090321507	K01657	Pan
g__Desulfovibrio	0.079	0.21914616216816	K01657	Pan
g__Enterobacter	1.552	4.30525118588588	K01657	Pan
g__Escherichia	0.058	0.160892119060168	K01657	Pan
g__Exiguobacterium	0	0	K01657	Pan
g__Haemophilus	0	0	K01657	Pan
g__Kocuria	0.259	0.718466531665233	K01657	Pan
g__Lactococcus	0	0	K01657	Pan
g__Leptotrichia	0	0	K01657	Pan
g__Lysinibacillus	0.952	2.64084995422897	K01657	Pan
g__Malassezia	0	0	K01657	Pan
g__Methanobrevibacter	0	0	K01657	Pan
g__Micrococcus	0	0	K01657	Pan
g__Micromonospora	1.947	5.40098199672668	K01657	Pan
g__Morganella	0.177	0.490998363338789	K01657	Pan
g__Neisseria	0	0	K01657	Pan
g__Nitrosomonas	0	0	K01657	Pan
g__Nitrosospira	0	0	K01657	Pan
g__Paracoccus	1.656	4.59374739937308	K01657	Pan
g__Prevotella	0.058	0.160892119060168	K01657	Pan
g__Propionibacterium	19.483	54.0458819939527	K01657	Pan
g__Pseudomonas	0.125	0.34675025659519	K01657	Pan
g__Rhodanobacter	0	0	K01657	Pan
g__Rhodococcus	0.283	0.78504258093151	K01657	Pan
g__Rothia	0	0	K01657	Pan
g__Staphylococcus	0	0	K01657	Pan
g__Stenotrophomonas	0.687	1.90573941024716	K01657	Pan
g__Streptococcus	0	0	K01657	Pan
g__Streptomyces	0	0	K01657	Pan
g__Variovorax	0	0	K01657	Pan
g__Veillonella	0	0	K01657	Pan
unclassified	8.484	23.5346334156287	K01657	Pan
Total	36.049	100	K01657	Pan
g__Acidaminococcus	0.172	0.0283015763319841	K01657	Gorilla
g__Acidovorax	0	0	K01657	Gorilla
g__Actinobacillus	1.056	0.173758515154507	K01657	Gorilla
g__Advenella	0	0	K01657	Gorilla
g__Aggregatibacter	45.743	7.52673840787179	K01657	Gorilla
g__Arthrobacter	0.276	0.0454141573699279	K01657	Gorilla
g__Bacteroides	0.077	0.0126698917300161	K01657	Gorilla
g__Campylobacter	0	0	K01657	Gorilla
g__Candida	0	0	K01657	Gorilla
g__Chlorobium	0	0	K01657	Gorilla
g__Citrobacter	1.729	0.284496659755817	K01657	Gorilla
g__Debaryomyces	0	0	K01657	Gorilla
g__Desulfovibrio	0.315	0.0518313752591569	K01657	Gorilla
g__Enterobacter	0	0	K01657	Gorilla
g__Escherichia	2.671	0.439497153387962	K01657	Gorilla
g__Exiguobacterium	4.594	0.755915358541482	K01657	Gorilla
g__Haemophilus	0	0	K01657	Gorilla
g__Kocuria	0	0	K01657	Gorilla
g__Lactococcus	0.079	0.0129989798268997	K01657	Gorilla
g__Leptotrichia	0	0	K01657	Gorilla
g__Lysinibacillus	0	0	K01657	Gorilla
g__Malassezia	0	0	K01657	Gorilla
g__Methanobrevibacter	0.674	0.110902688649752	K01657	Gorilla
g__Micrococcus	0	0	K01657	Gorilla
g__Micromonospora	0	0	K01657	Gorilla
g__Morganella	0.481	0.0791456873004903	K01657	Gorilla
g__Neisseria	207.7	34.1757988613552	K01657	Gorilla
g__Nitrosomonas	0.171	0.0281370322835423	K01657	Gorilla
g__Nitrosospira	0.268	0.0440978049823938	K01657	Gorilla
g__Paracoccus	0	0	K01657	Gorilla
g__Prevotella	0	0	K01657	Gorilla
g__Propionibacterium	26.369	4.33886201336098	K01657	Gorilla
g__Pseudomonas	1.741	0.286471188337118	K01657	Gorilla
g__Rhodanobacter	0.343	0.0564386086155264	K01657	Gorilla
g__Rhodococcus	0	0	K01657	Gorilla
g__Rothia	2.857	0.470102346398131	K01657	Gorilla
g__Staphylococcus	0.364	0.0598940336328035	K01657	Gorilla
g__Stenotrophomonas	0	0	K01657	Gorilla
g__Streptococcus	4.206	0.692072267746076	K01657	Gorilla
g__Streptomyces	0	0	K01657	Gorilla
g__Variovorax	0	0	K01657	Gorilla
g__Veillonella	0.073	0.0120117155362491	K01657	Gorilla
unclassified	305.781	50.3144436765722	K01657	Gorilla
Total	607.74	100	K01657	Gorilla
g__Acidaminococcus	0	0	K01657	Alouatta
g__Acidovorax	0	0	K01657	Alouatta
g__Actinobacillus	0	0	K01657	Alouatta
g__Advenella	0	0	K01657	Alouatta
g__Aggregatibacter	13.084	7.96382073490654	K01657	Alouatta
g__Arthrobacter	0	0	K01657	Alouatta
g__Bacteroides	0	0	K01657	Alouatta
g__Campylobacter	2.318	1.41089395165954	K01657	Alouatta
g__Candida	0	0	K01657	Alouatta
g__Chlorobium	0	0	K01657	Alouatta
g__Citrobacter	0	0	K01657	Alouatta
g__Debaryomyces	0	0	K01657	Alouatta
g__Desulfovibrio	0	0	K01657	Alouatta
g__Enterobacter	0	0	K01657	Alouatta
g__Escherichia	0	0	K01657	Alouatta
g__Exiguobacterium	0	0	K01657	Alouatta
g__Haemophilus	0	0	K01657	Alouatta
g__Kocuria	0	0	K01657	Alouatta
g__Lactococcus	0	0	K01657	Alouatta
g__Leptotrichia	0	0	K01657	Alouatta
g__Lysinibacillus	0	0	K01657	Alouatta
g__Malassezia	0	0	K01657	Alouatta
g__Methanobrevibacter	0	0	K01657	Alouatta
g__Micrococcus	0	0	K01657	Alouatta
g__Micromonospora	0	0	K01657	Alouatta
g__Morganella	0	0	K01657	Alouatta
g__Neisseria	3.974	2.41884925103321	K01657	Alouatta
g__Nitrosomonas	0.187	0.113821039240868	K01657	Alouatta
g__Nitrosospira	0	0	K01657	Alouatta
g__Paracoccus	0	0	K01657	Alouatta
g__Prevotella	0	0	K01657	Alouatta
g__Propionibacterium	4.863	2.95995568892162	K01657	Alouatta
g__Pseudomonas	0	0	K01657	Alouatta
g__Rhodanobacter	0	0	K01657	Alouatta
g__Rhodococcus	0	0	K01657	Alouatta
g__Rothia	0	0	K01657	Alouatta
g__Staphylococcus	0	0	K01657	Alouatta
g__Stenotrophomonas	1.048	0.637884754676097	K01657	Alouatta
g__Streptococcus	0.273	0.166166543918487	K01657	Alouatta
g__Streptomyces	0.291	0.177122579781244	K01657	Alouatta
g__Variovorax	0	0	K01657	Alouatta
g__Veillonella	0	0	K01657	Alouatta
unclassified	138.255	84.1514854558624	K01657	Alouatta
Total	164.293	100	K01657	Alouatta
g__Acidaminococcus	0	0	K01696	Homo
g__Acidovorax	0	0	K01696	Homo
g__Acinetobacter	16.777	0.45122108326948	K01696	Homo
g__Actinobacillus	0	0	K01696	Homo
g__Advenella	0	0	K01696	Homo
g__Aeromonas	0	0	K01696	Homo
g__Aggregatibacter	172.89	4.64991435217621	K01696	Homo
g__Agrobacterium	0.561	0.0150882176619287	K01696	Homo
g__Arthrobacter	0	0	K01696	Homo
g__Bacillus	0	0	K01696	Homo
g__Bacteroides	0	0	K01696	Homo
g__Brachybacterium	0	0	K01696	Homo
g__Burkholderia	32.72	0.880011554185931	K01696	Homo
g__Campylobacter	5.799	0.155965372943894	K01696	Homo
g__Citrobacter	0	0	K01696	Homo
g__Clostridium	0	0	K01696	Homo
g__Corynebacterium	0.983	0.0264379999316861	K01696	Homo
g__Desulfovibrio	0.267	0.00718102337920672	K01696	Homo
g__Eikenella	166.301	4.47270175649984	K01696	Homo
g__Enterobacter	0.183	0.00492182501271471	K01696	Homo
g__Escherichia	0	0	K01696	Homo
g__Exiguobacterium	0.291	0.00782650862677586	K01696	Homo
g__Fusobacterium	58.891	1.58388632144143	K01696	Homo
g__Haemophilus	36.338	0.97731845525698	K01696	Homo
g__Klebsiella	0	0	K01696	Homo
g__Kocuria	0.205	0.00551351982298643	K01696	Homo
g__Lactococcus	0	0	K01696	Homo
g__Leptotrichia	20.282	0.545488824633223	K01696	Homo
g__Lysinibacillus	0	0	K01696	Homo
g__Methanobrevibacter	1.7	0.0457218717028143	K01696	Homo
g__Micrococcus	1.94	0.0521767241785057	K01696	Homo
g__Micromonospora	0	0	K01696	Homo
g__Morganella	0	0	K01696	Homo
g__Neisseria	496.014	13.3404049828234	K01696	Homo
g__Nitrosomonas	0	0	K01696	Homo
g__Nitrosospira	0	0	K01696	Homo
g__Oligotropha	0	0	K01696	Homo
g__Paracoccus	0	0	K01696	Homo
g__Prevotella	0.744	0.0200100426746434	K01696	Homo
g__Propionibacterium	511.722	13.7628750773574	K01696	Homo
g__Pseudomonas	4.494	0.120867112607322	K01696	Homo
g__Ralstonia	1.501	0.0403697231917201	K01696	Homo
g__Rhodanobacter	0	0	K01696	Homo
g__Rhodococcus	0	0	K01696	Homo
g__Rhodopseudomonas	2.992	0.0804704941969532	K01696	Homo
g__Rothia	66.884	1.79885980410061	K01696	Homo
g__Selenomonas	12.621	0.339444554565423	K01696	Homo
g__Staphylococcus	6.69	0.179929012759899	K01696	Homo
g__Stenotrophomonas	1.167	0.0313867201630496	K01696	Homo
g__Streptococcus	1696.248	45.6209608424443	K01696	Homo
g__Streptomyces	1.534	0.0412572654071277	K01696	Homo
g__Streptosporangium	1.849	0.0497292592814727	K01696	Homo
g__Variovorax	0.713	0.0191762908965333	K01696	Homo
g__Veillonella	20.877	0.561491479729208	K01696	Homo
unclassified	375.955	10.1113919270774	K01696	Homo
Total	3718.133	100	K01696	Homo
g__Acidaminococcus	0	0	K01696	Pan
g__Acidovorax	0	0	K01696	Pan
g__Acinetobacter	0.456	0.459334770433346	K01696	Pan
g__Actinobacillus	0	0	K01696	Pan
g__Advenella	0.124	0.124906823538892	K01696	Pan
g__Aeromonas	0	0	K01696	Pan
g__Aggregatibacter	0.156	0.157140842516671	K01696	Pan
g__Agrobacterium	0	0	K01696	Pan
g__Arthrobacter	0	0	K01696	Pan
g__Bacillus	4.029	4.05846445192095	K01696	Pan
g__Bacteroides	0	0	K01696	Pan
g__Brachybacterium	2.391	2.4084856054959	K01696	Pan
g__Burkholderia	0	0	K01696	Pan
g__Campylobacter	0	0	K01696	Pan
g__Citrobacter	0	0	K01696	Pan
g__Clostridium	0.382	0.384793601547233	K01696	Pan
g__Corynebacterium	0	0	K01696	Pan
g__Desulfovibrio	0.068	0.0684972903277797	K01696	Pan
g__Eikenella	1.635	1.64695690714588	K01696	Pan
g__Enterobacter	1.541	1.55226947639865	K01696	Pan
g__Escherichia	0	0	K01696	Pan
g__Exiguobacterium	0	0	K01696	Pan
g__Fusobacterium	17.964	18.0953724036505	K01696	Pan
g__Haemophilus	0	0	K01696	Pan
g__Klebsiella	0	0	K01696	Pan
g__Kocuria	0.216	0.217579628100006	K01696	Pan
g__Lactococcus	0	0	K01696	Pan
g__Leptotrichia	0	0	K01696	Pan
g__Lysinibacillus	0.768	0.773616455466688	K01696	Pan
g__Methanobrevibacter	0	0	K01696	Pan
g__Micrococcus	0	0	K01696	Pan
g__Micromonospora	1.323	1.33267522211254	K01696	Pan
g__Morganella	0.237	0.238733203054173	K01696	Pan
g__Neisseria	0	0	K01696	Pan
g__Nitrosomonas	0	0	K01696	Pan
g__Nitrosospira	0	0	K01696	Pan
g__Oligotropha	0	0	K01696	Pan
g__Paracoccus	2.682	2.70161371557507	K01696	Pan
g__Prevotella	0.108	0.108789814050003	K01696	Pan
g__Propionibacterium	20.307	20.4555069806797	K01696	Pan
g__Pseudomonas	1.027	1.03451054656808	K01696	Pan
g__Ralstonia	0	0	K01696	Pan
g__Rhodanobacter	0	0	K01696	Pan
g__Rhodococcus	0.687	0.692024094929186	K01696	Pan
g__Rhodopseudomonas	0.948	0.954932812216693	K01696	Pan
g__Rothia	0	0	K01696	Pan
g__Selenomonas	0.232	0.233696637588895	K01696	Pan
g__Staphylococcus	0.132	0.132965328283337	K01696	Pan
g__Stenotrophomonas	0.993	1.00026190140419	K01696	Pan
g__Streptococcus	1.598	1.60968632270282	K01696	Pan
g__Streptomyces	0	0	K01696	Pan
g__Streptosporangium	0	0	K01696	Pan
g__Variovorax	0	0	K01696	Pan
g__Veillonella	0	0	K01696	Pan
unclassified	39.27	39.5571851642928	K01696	Pan
Total	99.274	100	K01696	Pan
g__Acidaminococcus	0.206	0.0279217161825321	K01696	Gorilla
g__Acidovorax	0	0	K01696	Gorilla
g__Acinetobacter	3.731	0.505708364451589	K01696	Gorilla
g__Actinobacillus	3.521	0.477244479022794	K01696	Gorilla
g__Advenella	0	0	K01696	Gorilla
g__Aeromonas	0.635	0.0860693678442131	K01696	Gorilla
g__Aggregatibacter	37.117	5.03092397838371	K01696	Gorilla
g__Agrobacterium	0	0	K01696	Gorilla
g__Arthrobacter	0.081	0.0109789272368209	K01696	Gorilla
g__Bacillus	0	0	K01696	Gorilla
g__Bacteroides	0	0	K01696	Gorilla
g__Brachybacterium	0	0	K01696	Gorilla
g__Burkholderia	0	0	K01696	Gorilla
g__Campylobacter	0	0	K01696	Gorilla
g__Citrobacter	1.561	0.211581548354042	K01696	Gorilla
g__Clostridium	0	0	K01696	Gorilla
g__Corynebacterium	0	0	K01696	Gorilla
g__Desulfovibrio	0.719	0.097454922015731	K01696	Gorilla
g__Eikenella	3.592	0.486867983143958	K01696	Gorilla
g__Enterobacter	1.539	0.208599617499597	K01696	Gorilla
g__Escherichia	3.249	0.440376970276926	K01696	Gorilla
g__Exiguobacterium	4.017	0.544473465559376	K01696	Gorilla
g__Fusobacterium	8.902	1.20659765755777	K01696	Gorilla
g__Haemophilus	0	0	K01696	Gorilla
g__Klebsiella	0.734	0.0994880566892164	K01696	Gorilla
g__Kocuria	0	0	K01696	Gorilla
g__Lactococcus	0.093	0.0126054349756092	K01696	Gorilla
g__Leptotrichia	0	0	K01696	Gorilla
g__Lysinibacillus	0	0	K01696	Gorilla
g__Methanobrevibacter	0.425	0.0576054824154182	K01696	Gorilla
g__Micrococcus	0	0	K01696	Gorilla
g__Micromonospora	0	0	K01696	Gorilla
g__Morganella	0	0	K01696	Gorilla
g__Neisseria	197.128	26.7191847943213	K01696	Gorilla
g__Nitrosomonas	0.323	0.0437801666357178	K01696	Gorilla
g__Nitrosospira	0.115	0.0155873658300543	K01696	Gorilla
g__Oligotropha	0.105	0.0142319427143974	K01696	Gorilla
g__Paracoccus	0	0	K01696	Gorilla
g__Prevotella	0	0	K01696	Gorilla
g__Propionibacterium	28.966	3.92611859681177	K01696	Gorilla
g__Pseudomonas	2.951	0.399985361430351	K01696	Gorilla
g__Ralstonia	0	0	K01696	Gorilla
g__Rhodanobacter	0.728	0.0986748028198222	K01696	Gorilla
g__Rhodococcus	0	0	K01696	Gorilla
g__Rhodopseudomonas	1.458	0.197620690262776	K01696	Gorilla
g__Rothia	2.709	0.367184122031454	K01696	Gorilla
g__Selenomonas	0	0	K01696	Gorilla
g__Staphylococcus	2.584	0.350241333085743	K01696	Gorilla
g__Stenotrophomonas	0	0	K01696	Gorilla
g__Streptococcus	13.519	1.83239651005656	K01696	Gorilla
g__Streptomyces	0	0	K01696	Gorilla
g__Streptosporangium	0	0	K01696	Gorilla
g__Variovorax	0	0	K01696	Gorilla
g__Veillonella	0.269	0.0364608818111706	K01696	Gorilla
unclassified	416.8	56.4940354605796	K01696	Gorilla
Total	737.777	100	K01696	Gorilla
g__Acidaminococcus	0	0	K01696	Alouatta
g__Acidovorax	0	0	K01696	Alouatta
g__Acinetobacter	0	0	K01696	Alouatta
g__Actinobacillus	0	0	K01696	Alouatta
g__Advenella	0	0	K01696	Alouatta
g__Aeromonas	0	0	K01696	Alouatta
g__Aggregatibacter	45.505	8.13789625411768	K01696	Alouatta
g__Agrobacterium	0	0	K01696	Alouatta
g__Arthrobacter	0	0	K01696	Alouatta
g__Bacillus	0	0	K01696	Alouatta
g__Bacteroides	0	0	K01696	Alouatta
g__Brachybacterium	0	0	K01696	Alouatta
g__Burkholderia	0	0	K01696	Alouatta
g__Campylobacter	3.591	0.642197240930372	K01696	Alouatta
g__Citrobacter	0	0	K01696	Alouatta
g__Clostridium	0	0	K01696	Alouatta
g__Corynebacterium	0.242	0.0432781209426762	K01696	Alouatta
g__Desulfovibrio	0.188	0.0336210195753021	K01696	Alouatta
g__Eikenella	5.177	0.925829884794357	K01696	Alouatta
g__Enterobacter	0	0	K01696	Alouatta
g__Escherichia	0	0	K01696	Alouatta
g__Exiguobacterium	0	0	K01696	Alouatta
g__Fusobacterium	0	0	K01696	Alouatta
g__Haemophilus	0	0	K01696	Alouatta
g__Klebsiella	0	0	K01696	Alouatta
g__Kocuria	0	0	K01696	Alouatta
g__Lactococcus	0	0	K01696	Alouatta
g__Leptotrichia	0	0	K01696	Alouatta
g__Lysinibacillus	0	0	K01696	Alouatta
g__Methanobrevibacter	0	0	K01696	Alouatta
g__Micrococcus	0	0	K01696	Alouatta
g__Micromonospora	0	0	K01696	Alouatta
g__Morganella	0	0	K01696	Alouatta
g__Neisseria	27.028	4.8335580695812	K01696	Alouatta
g__Nitrosomonas	0.117	0.0209237196293104	K01696	Alouatta
g__Nitrosospira	0	0	K01696	Alouatta
g__Oligotropha	0	0	K01696	Alouatta
g__Paracoccus	0	0	K01696	Alouatta
g__Prevotella	0	0	K01696	Alouatta
g__Propionibacterium	0.113	0.0202083787872827	K01696	Alouatta
g__Pseudomonas	0	0	K01696	Alouatta
g__Ralstonia	0	0	K01696	Alouatta
g__Rhodanobacter	0	0	K01696	Alouatta
g__Rhodococcus	0	0	K01696	Alouatta
g__Rhodopseudomonas	1.045	0.186882794979738	K01696	Alouatta
g__Rothia	0	0	K01696	Alouatta
g__Selenomonas	0	0	K01696	Alouatta
g__Staphylococcus	0	0	K01696	Alouatta
g__Stenotrophomonas	0.817	0.146108366984159	K01696	Alouatta
g__Streptococcus	152.764	27.3195820978801	K01696	Alouatta
g__Streptomyces	0.275	0.0491796828894047	K01696	Alouatta
g__Streptosporangium	0	0	K01696	Alouatta
g__Variovorax	0	0	K01696	Alouatta
g__Veillonella	0	0	K01696	Alouatta
unclassified	322.312	57.6407343689084	K01696	Alouatta
Total	559.174	100	K01696	Alouatta
g__Acidovorax	0	0	K01902	Homo
g__Actinobacillus	0	0	K01902	Homo
g__Advenella	0	0	K01902	Homo
g__Aggregatibacter	181.214	15.1847078677859	K01902	Homo
g__Alishewanella	0	0	K01902	Homo
g__Arcanobacterium	0	0	K01902	Homo
g__Bacteroides	0	0	K01902	Homo
g__Bifidobacterium	0.488	0.0408916388329794	K01902	Homo
g__Brachybacterium	0	0	K01902	Homo
g__Campylobacter	5.774	0.483828529962343	K01902	Homo
g__Capnocytophaga	100.416	8.41429263330423	K01902	Homo
g__Caulobacter	0.39	0.0326797933296352	K01902	Homo
g__Centipeda	6.154	0.515670379873269	K01902	Homo
g__Chlorobium	1.124	0.0941848402628461	K01902	Homo
g__Citrobacter	0	0	K01902	Homo
g__Enterobacter	0	0	K01902	Homo
g__Escherichia	0	0	K01902	Homo
g__Exiguobacterium	0.626	0.0524552580111581	K01902	Homo
g__Haemophilus	35.394	2.9658169361772	K01902	Homo
g__Kocuria	0.199	0.016675074032301	K01902	Homo
g__Lysinibacillus	0	0	K01902	Homo
g__Macrococcus	0	0	K01902	Homo
g__Methanobrevibacter	3.469	0.290682571950012	K01902	Homo
g__Micrococcus	8.86	0.742417868975815	K01902	Homo
g__Micromonospora	0	0	K01902	Homo
g__Nitrosomonas	0	0	K01902	Homo
g__Nitrosospira	0	0	K01902	Homo
g__Oligotropha	0	0	K01902	Homo
g__Pantoea	0.296	0.0248031251937744	K01902	Homo
g__Paracoccus	0	0	K01902	Homo
g__Prevotella	6.376	0.5342727237686	K01902	Homo
g__Proteus	0	0	K01902	Homo
g__Pseudomonas	5.736	0.48064434497125	K01902	Homo
g__Rahnella	1.422	0.119155554140362	K01902	Homo
g__Rhodanobacter	0	0	K01902	Homo
g__Rhodococcus	0	0	K01902	Homo
g__Rhodopseudomonas	2.948	0.247025719835294	K01902	Homo
g__Rothia	197.355	16.5372323399235	K01902	Homo
g__Selenomonas	34.414	2.88369848114376	K01902	Homo
g__Staphylococcus	3.351	0.28079483960925	K01902	Homo
g__Streptomyces	3.199	0.26805809964488	K01902	Homo
g__Streptosporangium	2.568	0.215183869924367	K01902	Homo
g__Variovorax	1.163	0.0974528195958096	K01902	Homo
unclassified	590.462	49.4773746897514	K01902	Homo
Total	1193.398	100	K01902	Homo
g__Acidovorax	0	0	K01902	Pan
g__Actinobacillus	0	0	K01902	Pan
g__Advenella	0.085	0.0920880144740691	K01902	Pan
g__Aggregatibacter	0	0	K01902	Pan
g__Alishewanella	0	0	K01902	Pan
g__Arcanobacterium	0	0	K01902	Pan
g__Bacteroides	0	0	K01902	Pan
g__Bifidobacterium	0.391	0.423604866580718	K01902	Pan
g__Brachybacterium	7.255	7.85998288246319	K01902	Pan
g__Campylobacter	0	0	K01902	Pan
g__Capnocytophaga	0.375	0.406270652091481	K01902	Pan
g__Caulobacter	0	0	K01902	Pan
g__Centipeda	0.901	0.976132953425133	K01902	Pan
g__Chlorobium	0	0	K01902	Pan
g__Citrobacter	0	0	K01902	Pan
g__Enterobacter	0	0	K01902	Pan
g__Escherichia	0	0	K01902	Pan
g__Exiguobacterium	0	0	K01902	Pan
g__Haemophilus	0	0	K01902	Pan
g__Kocuria	2.248	2.43545713573773	K01902	Pan
g__Lysinibacillus	1.276	1.38240360551661	K01902	Pan
g__Macrococcus	0.098	0.106172063746574	K01902	Pan
g__Methanobrevibacter	0	0	K01902	Pan
g__Micrococcus	0	0	K01902	Pan
g__Micromonospora	2.637	2.8568952255073	K01902	Pan
g__Nitrosomonas	0	0	K01902	Pan
g__Nitrosospira	0	0	K01902	Pan
g__Oligotropha	0	0	K01902	Pan
g__Pantoea	0	0	K01902	Pan
g__Paracoccus	9.62	10.4221964616535	K01902	Pan
g__Prevotella	0.769	0.833125683888931	K01902	Pan
g__Proteus	0	0	K01902	Pan
g__Pseudomonas	1.106	1.19822757656848	K01902	Pan
g__Rahnella	0	0	K01902	Pan
g__Rhodanobacter	0	0	K01902	Pan
g__Rhodococcus	2.811	3.04540480807774	K01902	Pan
g__Rhodopseudomonas	2.65	2.8709792747798	K01902	Pan
g__Rothia	1.053	1.14080799107288	K01902	Pan
g__Selenomonas	0.167	0.180925863731406	K01902	Pan
g__Staphylococcus	0.198	0.214510904304302	K01902	Pan
g__Streptomyces	18.719	20.2799475640012	K01902	Pan
g__Streptosporangium	0	0	K01902	Pan
g__Variovorax	0	0	K01902	Pan
unclassified	39.944	43.274866472379	K01902	Pan
Total	92.303	100	K01902	Pan
g__Acidovorax	0	0	K01902	Gorilla
g__Actinobacillus	5.266	0.861409007334899	K01902	Gorilla
g__Advenella	0	0	K01902	Gorilla
g__Aggregatibacter	63.068	10.3166242450812	K01902	Gorilla
g__Alishewanella	0.292	0.0477651785305337	K01902	Gorilla
g__Arcanobacterium	0.119	0.0194659460449778	K01902	Gorilla
g__Bacteroides	0.264	0.0431849559317154	K01902	Gorilla
g__Bifidobacterium	6.491	1.0617937460332	K01902	Gorilla
g__Brachybacterium	0	0	K01902	Gorilla
g__Campylobacter	0	0	K01902	Gorilla
g__Capnocytophaga	1.332	0.217887732200928	K01902	Gorilla
g__Caulobacter	0	0	K01902	Gorilla
g__Centipeda	0.333	0.054471933050232	K01902	Gorilla
g__Chlorobium	0	0	K01902	Gorilla
g__Citrobacter	0.264	0.0431849559317154	K01902	Gorilla
g__Enterobacter	0.354	0.0579070999993457	K01902	Gorilla
g__Escherichia	4.644	0.759662633889721	K01902	Gorilla
g__Exiguobacterium	4.651	0.760807689539426	K01902	Gorilla
g__Haemophilus	0	0	K01902	Gorilla
g__Kocuria	0	0	K01902	Gorilla
g__Lysinibacillus	0.233	0.0381139951973094	K01902	Gorilla
g__Macrococcus	0.24	0.039259050847014	K01902	Gorilla
g__Methanobrevibacter	0.387	0.0633052194908101	K01902	Gorilla
g__Micrococcus	0	0	K01902	Gorilla
g__Micromonospora	0	0	K01902	Gorilla
g__Nitrosomonas	0.149	0.0243733274008545	K01902	Gorilla
g__Nitrosospira	0.926	0.151474504518062	K01902	Gorilla
g__Oligotropha	0.291	0.0476015991520045	K01902	Gorilla
g__Pantoea	0	0	K01902	Gorilla
g__Paracoccus	0	0	K01902	Gorilla
g__Prevotella	0	0	K01902	Gorilla
g__Proteus	0.72	0.117777152541042	K01902	Gorilla
g__Pseudomonas	2.351	0.384575118922208	K01902	Gorilla
g__Rahnella	0	0	K01902	Gorilla
g__Rhodanobacter	3.212	0.525416963835871	K01902	Gorilla
g__Rhodococcus	0.363	0.0593793144061087	K01902	Gorilla
g__Rhodopseudomonas	3.49	0.570892031066995	K01902	Gorilla
g__Rothia	385.319	63.0302425555025	K01902	Gorilla
g__Selenomonas	0	0	K01902	Gorilla
g__Staphylococcus	3.344	0.547009441801729	K01902	Gorilla
g__Streptomyces	0	0	K01902	Gorilla
g__Streptosporangium	0	0	K01902	Gorilla
g__Variovorax	0	0	K01902	Gorilla
unclassified	123.221	20.1564146017496	K01902	Gorilla
Total	611.324	100	K01902	Gorilla
g__Acidovorax	0	0	K01902	Alouatta
g__Actinobacillus	0	0	K01902	Alouatta
g__Advenella	0	0	K01902	Alouatta
g__Aggregatibacter	63.323	32.5126820151568	K01902	Alouatta
g__Alishewanella	0	0	K01902	Alouatta
g__Arcanobacterium	0	0	K01902	Alouatta
g__Bacteroides	0	0	K01902	Alouatta
g__Bifidobacterium	0	0	K01902	Alouatta
g__Brachybacterium	0	0	K01902	Alouatta
g__Campylobacter	2.16	1.10903452383397	K01902	Alouatta
g__Capnocytophaga	0.084	0.0431291203713212	K01902	Alouatta
g__Caulobacter	0	0	K01902	Alouatta
g__Centipeda	1.579	0.810724774599002	K01902	Alouatta
g__Chlorobium	0	0	K01902	Alouatta
g__Citrobacter	0	0	K01902	Alouatta
g__Enterobacter	0	0	K01902	Alouatta
g__Escherichia	0	0	K01902	Alouatta
g__Exiguobacterium	0	0	K01902	Alouatta
g__Haemophilus	0	0	K01902	Alouatta
g__Kocuria	0	0	K01902	Alouatta
g__Lysinibacillus	0	0	K01902	Alouatta
g__Macrococcus	0	0	K01902	Alouatta
g__Methanobrevibacter	0	0	K01902	Alouatta
g__Micrococcus	0	0	K01902	Alouatta
g__Micromonospora	0	0	K01902	Alouatta
g__Nitrosomonas	0.489	0.251073093590191	K01902	Alouatta
g__Nitrosospira	0	0	K01902	Alouatta
g__Oligotropha	0	0	K01902	Alouatta
g__Pantoea	0	0	K01902	Alouatta
g__Paracoccus	0	0	K01902	Alouatta
g__Prevotella	0.267	0.137088989751699	K01902	Alouatta
g__Proteus	0	0	K01902	Alouatta
g__Pseudomonas	0	0	K01902	Alouatta
g__Rahnella	0	0	K01902	Alouatta
g__Rhodanobacter	0	0	K01902	Alouatta
g__Rhodococcus	0	0	K01902	Alouatta
g__Rhodopseudomonas	1.895	0.972972417900639	K01902	Alouatta
g__Rothia	9.241	4.74471668275451	K01902	Alouatta
g__Selenomonas	0	0	K01902	Alouatta
g__Staphylococcus	0	0	K01902	Alouatta
g__Streptomyces	0.714	0.36659752315623	K01902	Alouatta
g__Streptosporangium	0	0	K01902	Alouatta
g__Variovorax	0	0	K01902	Alouatta
unclassified	115.012	59.0519808588856	K01902	Alouatta
Total	194.764	100	K01902	Alouatta
g__Acidovorax	0	0	K01903	Homo
g__Acinetobacter	1.136	0.072517704916777	K01903	Homo
g__Actinobacillus	0	0	K01903	Homo
g__Advenella	0	0	K01903	Homo
g__Aeromonas	0	0	K01903	Homo
g__Agrobacterium	0.475	0.0303221037284059	K01903	Homo
g__Alishewanella	0	0	K01903	Homo
g__Arcanobacterium	0	0	K01903	Homo
g__Arthrobacter	0	0	K01903	Homo
g__Bacillus	0	0	K01903	Homo
g__Bifidobacterium	0.556	0.0354928203641972	K01903	Homo
g__Brachybacterium	0	0	K01903	Homo
g__Burkholderia	63.146	4.03098855165035	K01903	Homo
g__Campylobacter	3.693	0.235746376987374	K01903	Homo
g__Capnocytophaga	181.887	11.6109399596812	K01903	Homo
g__Caulobacter	0.478	0.0305136117519537	K01903	Homo
g__Chlorobium	3.462	0.221000259174192	K01903	Homo
g__Citrobacter	0	0	K01903	Homo
g__Eikenella	132.83	8.47933692261927	K01903	Homo
g__Enterobacter	0.287	0.0183209342527421	K01903	Homo
g__Escherichia	0	0	K01903	Homo
g__Exiguobacterium	0.098	0.006255928769229	K01903	Homo
g__Haemophilus	35.804	2.28558442503546	K01903	Homo
g__Klebsiella	0	0	K01903	Homo
g__Kocuria	1.105	0.0705387886734494	K01903	Homo
g__Lysinibacillus	0	0	K01903	Homo
g__Macrococcus	0	0	K01903	Homo
g__Methanobrevibacter	3.877	0.247492202431641	K01903	Homo
g__Micromonospora	0	0	K01903	Homo
g__Morganella	0	0	K01903	Homo
g__Neisseria	372.146	23.7563149770765	K01903	Homo
g__Nitrosomonas	0	0	K01903	Homo
g__Nitrosospira	0	0	K01903	Homo
g__Oligotropha	0	0	K01903	Homo
g__Paracoccus	0	0	K01903	Homo
g__Prevotella	4.694	0.299646220844499	K01903	Homo
g__Propionibacterium	125.625	8.01939848606524	K01903	Homo
g__Proteus	0	0	K01903	Homo
g__Pseudomonas	5.681	0.362652360591734	K01903	Homo
g__Rahnella	1.042	0.0665171201789451	K01903	Homo
g__Ralstonia	2.677	0.170888993012511	K01903	Homo
g__Rhodococcus	0	0	K01903	Homo
g__Rhodopseudomonas	2.532	0.161632771874366	K01903	Homo
g__Rothia	196.843	12.5656712930749	K01903	Homo
g__Staphylococcus	11.011	0.702898282428373	K01903	Homo
g__Stenotrophomonas	0.189	0.0120650054835131	K01903	Homo
g__Streptomyces	0.868	0.0554096548131711	K01903	Homo
g__Streptosporangium	1.885	0.120330874795884	K01903	Homo
g__Variovorax	0.699	0.0446213694866436	K01903	Homo
unclassified	411.788	26.2869020002375	K01903	Homo
Total	1566.514	100	K01903	Homo
g__Acidovorax	0	0	K01903	Pan
g__Acinetobacter	0	0	K01903	Pan
g__Actinobacillus	0	0	K01903	Pan
g__Advenella	0.129	0.229398584486254	K01903	Pan
g__Aeromonas	0	0	K01903	Pan
g__Agrobacterium	0	0	K01903	Pan
g__Alishewanella	0	0	K01903	Pan
g__Arcanobacterium	0	0	K01903	Pan
g__Arthrobacter	0	0	K01903	Pan
g__Bacillus	1.374	2.4433616673187	K01903	Pan
g__Bifidobacterium	0.246	0.437457765764484	K01903	Pan
g__Brachybacterium	4.196	7.46167798840559	K01903	Pan
g__Burkholderia	0	0	K01903	Pan
g__Campylobacter	0	0	K01903	Pan
g__Capnocytophaga	0.135	0.240068286090266	K01903	Pan
g__Caulobacter	0	0	K01903	Pan
g__Chlorobium	0	0	K01903	Pan
g__Citrobacter	0	0	K01903	Pan
g__Eikenella	1.32	2.3473343528826	K01903	Pan
g__Enterobacter	2.594	4.61286766013444	K01903	Pan
g__Escherichia	0.075	0.133371270050148	K01903	Pan
g__Exiguobacterium	0	0	K01903	Pan
g__Haemophilus	0	0	K01903	Pan
g__Klebsiella	0	0	K01903	Pan
g__Kocuria	0.638	1.13454493722659	K01903	Pan
g__Lysinibacillus	2.426	4.31411601522211	K01903	Pan
g__Macrococcus	0.15	0.266742540100295	K01903	Pan
g__Methanobrevibacter	0.466	0.828680157911584	K01903	Pan
g__Micromonospora	2.015	3.5832414553473	K01903	Pan
g__Morganella	0.484	0.860689262723619	K01903	Pan
g__Neisseria	0	0	K01903	Pan
g__Nitrosomonas	0	0	K01903	Pan
g__Nitrosospira	0	0	K01903	Pan
g__Oligotropha	0	0	K01903	Pan
g__Paracoccus	11.252	20.0092470747235	K01903	Pan
g__Prevotella	0.168	0.298751644912331	K01903	Pan
g__Propionibacterium	0.284	0.505032542589892	K01903	Pan
g__Proteus	0	0	K01903	Pan
g__Pseudomonas	0.764	1.35860867091084	K01903	Pan
g__Rahnella	0	0	K01903	Pan
g__Ralstonia	0	0	K01903	Pan
g__Rhodococcus	0.388	0.68997403705943	K01903	Pan
g__Rhodopseudomonas	1.7	3.02308212113668	K01903	Pan
g__Rothia	0.934	1.6609168830245	K01903	Pan
g__Staphylococcus	1.115	1.98278621474553	K01903	Pan
g__Stenotrophomonas	0.462	0.821567023508909	K01903	Pan
g__Streptomyces	0	0	K01903	Pan
g__Streptosporangium	0	0	K01903	Pan
g__Variovorax	0	0	K01903	Pan
unclassified	22.919	40.7564818437244	K01903	Pan
Total	56.234	100	K01903	Pan
g__Acidovorax	0	0	K01903	Gorilla
g__Acinetobacter	0.343	0.0467464854956422	K01903	Gorilla
g__Actinobacillus	1.023	0.139421733708577	K01903	Gorilla
g__Advenella	0	0	K01903	Gorilla
g__Aeromonas	0.434	0.0591486143006085	K01903	Gorilla
g__Agrobacterium	0	0	K01903	Gorilla
g__Alishewanella	0.043	0.00586034657817089	K01903	Gorilla
g__Arcanobacterium	0.278	0.0378878220635234	K01903	Gorilla
g__Arthrobacter	0.657	0.0895406442292622	K01903	Gorilla
g__Bacillus	0	0	K01903	Gorilla
g__Bifidobacterium	6.088	0.829716045765218	K01903	Gorilla
g__Brachybacterium	0	0	K01903	Gorilla
g__Burkholderia	0	0	K01903	Gorilla
g__Campylobacter	0	0	K01903	Gorilla
g__Capnocytophaga	0.215	0.0293017328908544	K01903	Gorilla
g__Caulobacter	0	0	K01903	Gorilla
g__Chlorobium	0	0	K01903	Gorilla
g__Citrobacter	0.74	0.100852475996429	K01903	Gorilla
g__Eikenella	7.921	1.07953035455097	K01903	Gorilla
g__Enterobacter	0.779	0.106167674055701	K01903	Gorilla
g__Escherichia	2.741	0.373563022575963	K01903	Gorilla
g__Exiguobacterium	5.096	0.694519213078113	K01903	Gorilla
g__Haemophilus	0	0	K01903	Gorilla
g__Klebsiella	1.134	0.154549605108042	K01903	Gorilla
g__Kocuria	0	0	K01903	Gorilla
g__Lysinibacillus	0.173	0.0235776734424085	K01903	Gorilla
g__Macrococcus	0.196	0.0267122774260813	K01903	Gorilla
g__Methanobrevibacter	0.267	0.0363886636365495	K01903	Gorilla
g__Micromonospora	0	0	K01903	Gorilla
g__Morganella	0.427	0.0581946043925342	K01903	Gorilla
g__Neisseria	250.952	34.2015277787242	K01903	Gorilla
g__Nitrosomonas	0.326	0.0444296042903188	K01903	Gorilla
g__Nitrosospira	0.214	0.0291654457611295	K01903	Gorilla
g__Oligotropha	0.861	0.117343218693143	K01903	Gorilla
g__Paracoccus	0	0	K01903	Gorilla
g__Prevotella	0.257	0.0350257923393004	K01903	Gorilla
g__Propionibacterium	1.036	0.141193466395001	K01903	Gorilla
g__Proteus	0.262	0.035707227987925	K01903	Gorilla
g__Pseudomonas	2.312	0.315095843923979	K01903	Gorilla
g__Rahnella	0	0	K01903	Gorilla
g__Ralstonia	0	0	K01903	Gorilla
g__Rhodococcus	0.093	0.0126747030644161	K01903	Gorilla
g__Rhodopseudomonas	1.693	0.230734110624263	K01903	Gorilla
g__Rothia	338.508	46.1342837089179	K01903	Gorilla
g__Staphylococcus	2.068	0.281841784271102	K01903	Gorilla
g__Stenotrophomonas	0	0	K01903	Gorilla
g__Streptomyces	0	0	K01903	Gorilla
g__Streptosporangium	0	0	K01903	Gorilla
g__Variovorax	0	0	K01903	Gorilla
unclassified	106.608	14.5292983257126	K01903	Gorilla
Total	733.745	100	K01903	Gorilla
g__Acidovorax	0	0	K01903	Alouatta
g__Acinetobacter	0	0	K01903	Alouatta
g__Actinobacillus	0	0	K01903	Alouatta
g__Advenella	0	0	K01903	Alouatta
g__Aeromonas	0	0	K01903	Alouatta
g__Agrobacterium	0	0	K01903	Alouatta
g__Alishewanella	0	0	K01903	Alouatta
g__Arcanobacterium	0	0	K01903	Alouatta
g__Arthrobacter	0	0	K01903	Alouatta
g__Bacillus	0	0	K01903	Alouatta
g__Bifidobacterium	0.06	0.0462000462000462	K01903	Alouatta
g__Brachybacterium	0	0	K01903	Alouatta
g__Burkholderia	0	0	K01903	Alouatta
g__Campylobacter	1.966	1.51382151382151	K01903	Alouatta
g__Capnocytophaga	0.061	0.046970046970047	K01903	Alouatta
g__Caulobacter	0	0	K01903	Alouatta
g__Chlorobium	0	0	K01903	Alouatta
g__Citrobacter	0	0	K01903	Alouatta
g__Eikenella	9.95	7.66150766150766	K01903	Alouatta
g__Enterobacter	0	0	K01903	Alouatta
g__Escherichia	0	0	K01903	Alouatta
g__Exiguobacterium	0	0	K01903	Alouatta
g__Haemophilus	0	0	K01903	Alouatta
g__Klebsiella	0	0	K01903	Alouatta
g__Kocuria	0	0	K01903	Alouatta
g__Lysinibacillus	0	0	K01903	Alouatta
g__Macrococcus	0	0	K01903	Alouatta
g__Methanobrevibacter	0	0	K01903	Alouatta
g__Micromonospora	0	0	K01903	Alouatta
g__Morganella	0	0	K01903	Alouatta
g__Neisseria	3.456	2.66112266112266	K01903	Alouatta
g__Nitrosomonas	0.118	0.0908600908600909	K01903	Alouatta
g__Nitrosospira	0	0	K01903	Alouatta
g__Oligotropha	0	0	K01903	Alouatta
g__Paracoccus	0	0	K01903	Alouatta
g__Prevotella	0.592	0.455840455840456	K01903	Alouatta
g__Propionibacterium	0.366	0.281820281820282	K01903	Alouatta
g__Proteus	0	0	K01903	Alouatta
g__Pseudomonas	0	0	K01903	Alouatta
g__Rahnella	0	0	K01903	Alouatta
g__Ralstonia	0	0	K01903	Alouatta
g__Rhodococcus	0	0	K01903	Alouatta
g__Rhodopseudomonas	1.002	0.771540771540771	K01903	Alouatta
g__Rothia	4.606	3.54662354662355	K01903	Alouatta
g__Staphylococcus	0	0	K01903	Alouatta
g__Stenotrophomonas	0.796	0.612920612920613	K01903	Alouatta
g__Streptomyces	0	0	K01903	Alouatta
g__Streptosporangium	0	0	K01903	Alouatta
g__Variovorax	0	0	K01903	Alouatta
unclassified	106.897	82.3107723107723	K01903	Alouatta
Total	129.87	100	K01903	Alouatta
g__Acidovorax	0	0	K01961	Homo
g__Acinetobacter	1.264	0.0579867850685864	K01961	Homo
g__Actinobacillus	0	0	K01961	Homo
g__Advenella	0	0	K01961	Homo
g__Aggregatibacter	179.019	8.21260781344404	K01961	Homo
g__Agrobacterium	0.084	0.00385355217227947	K01961	Homo
g__Bacillus	0	0	K01961	Homo
g__Bacteroides	0	0	K01961	Homo
g__Brevundimonas	0	0	K01961	Homo
g__Burkholderia	31.454	1.44297178603427	K01961	Homo
g__Campylobacter	104.993	4.81661908600165	K01961	Homo
g__Capnocytophaga	138.952	6.37450930288782	K01961	Homo
g__Chlorobium	0.408	0.0187172534082146	K01961	Homo
g__Citrobacter	0	0	K01961	Homo
g__Clostridium	0	0	K01961	Homo
g__Cryptobacterium	0	0	K01961	Homo
g__Enterobacter	0.163	0.00747772623906612	K01961	Homo
g__Escherichia	0	0	K01961	Homo
g__Exiguobacterium	0.172	0.00789060682895321	K01961	Homo
g__Filifactor	9.445	0.433295241275948	K01961	Homo
g__Haemophilus	42.817	1.96425646857726	K01961	Homo
g__Klebsiella	0	0	K01961	Homo
g__Lactobacillus	0	0	K01961	Homo
g__Lactococcus	0.085	0.00389942779337804	K01961	Homo
g__Leptotrichia	17.473	0.801584727455229	K01961	Homo
g__Lysinibacillus	0	0	K01961	Homo
g__Macrococcus	0	0	K01961	Homo
g__Micromonospora	0	0	K01961	Homo
g__Morganella	0	0	K01961	Homo
g__Neisseria	350.373	16.0735789911676	K01961	Homo
g__Nitrosomonas	0	0	K01961	Homo
g__Nitrosospira	0	0	K01961	Homo
g__Pantoea	0.383	0.0175703628807505	K01961	Homo
g__Paracoccus	0	0	K01961	Homo
g__Pseudomonas	2.822	0.129461002740151	K01961	Homo
g__Rahnella	1.277	0.0585831681428677	K01961	Homo
g__Rhodanobacter	0	0	K01961	Homo
g__Rhodopseudomonas	2.104	0.0965223067913811	K01961	Homo
g__Selenomonas	11.778	0.5403230652989	K01961	Homo
g__Staphylococcus	12.076	0.553994000386273	K01961	Homo
g__Streptococcus	859.629	39.4360142893385	K01961	Homo
g__Streptosporangium	0.306	0.0140379400561609	K01961	Homo
g__Variovorax	1.191	0.0546378647283911	K01961	Homo
unclassified	411.539	18.8796072312824	K01961	Homo
Total	2179.807	100	K01961	Homo
g__Acidovorax	0	0	K01961	Pan
g__Acinetobacter	0.553	1.02572663365051	K01961	Pan
g__Actinobacillus	0	0	K01961	Pan
g__Advenella	0.055	0.102016211303396	K01961	Pan
g__Aggregatibacter	0	0	K01961	Pan
g__Agrobacterium	0	0	K01961	Pan
g__Bacillus	2.698	5.00435887448296	K01961	Pan
g__Bacteroides	0	0	K01961	Pan
g__Brevundimonas	0	0	K01961	Pan
g__Burkholderia	0	0	K01961	Pan
g__Campylobacter	4.916	9.11839445031811	K01961	Pan
g__Capnocytophaga	0.657	1.21863001502421	K01961	Pan
g__Chlorobium	0	0	K01961	Pan
g__Citrobacter	0	0	K01961	Pan
g__Clostridium	0.332	0.61580694823141	K01961	Pan
g__Cryptobacterium	9.145	16.9625136794465	K01961	Pan
g__Enterobacter	2.721	5.04702019920984	K01961	Pan
g__Escherichia	0.13	0.241129226717118	K01961	Pan
g__Exiguobacterium	0	0	K01961	Pan
g__Filifactor	2.322	4.30693895720884	K01961	Pan
g__Haemophilus	0	0	K01961	Pan
g__Klebsiella	0	0	K01961	Pan
g__Lactobacillus	0	0	K01961	Pan
g__Lactococcus	0	0	K01961	Pan
g__Leptotrichia	0	0	K01961	Pan
g__Lysinibacillus	1.463	2.71363122067034	K01961	Pan
g__Macrococcus	0.264	0.489677814256302	K01961	Pan
g__Micromonospora	1.702	3.15693802978873	K01961	Pan
g__Morganella	0.425	0.788307087344425	K01961	Pan
g__Neisseria	0	0	K01961	Pan
g__Nitrosomonas	0	0	K01961	Pan
g__Nitrosospira	0	0	K01961	Pan
g__Pantoea	0	0	K01961	Pan
g__Paracoccus	4.703	8.72331348654313	K01961	Pan
g__Pseudomonas	0.548	1.01645243262293	K01961	Pan
g__Rahnella	0	0	K01961	Pan
g__Rhodanobacter	0	0	K01961	Pan
g__Rhodopseudomonas	0.649	1.20379129338008	K01961	Pan
g__Selenomonas	0.368	0.682581195629997	K01961	Pan
g__Staphylococcus	1.204	2.23322760744162	K01961	Pan
g__Streptococcus	0.184	0.341290597814998	K01961	Pan
g__Streptosporangium	0	0	K01961	Pan
g__Variovorax	0	0	K01961	Pan
unclassified	18.874	35.0082540389146	K01961	Pan
Total	53.913	100	K01961	Pan
g__Acidovorax	0	0	K01961	Gorilla
g__Acinetobacter	2.016	0.362680598207106	K01961	Gorilla
g__Actinobacillus	8.271	1.48796191853719	K01961	Gorilla
g__Advenella	0	0	K01961	Gorilla
g__Aggregatibacter	66.512	11.9655813233884	K01961	Gorilla
g__Agrobacterium	0	0	K01961	Gorilla
g__Bacillus	0	0	K01961	Gorilla
g__Bacteroides	0	0	K01961	Gorilla
g__Brevundimonas	1.499	0.269671734480383	K01961	Gorilla
g__Burkholderia	0	0	K01961	Gorilla
g__Campylobacter	0.89	0.160111970438653	K01961	Gorilla
g__Capnocytophaga	2.249	0.404597552265764	K01961	Gorilla
g__Chlorobium	0	0	K01961	Gorilla
g__Citrobacter	1.616	0.290720162054902	K01961	Gorilla
g__Clostridium	0	0	K01961	Gorilla
g__Cryptobacterium	6.648	1.19598244884962	K01961	Gorilla
g__Enterobacter	1.549	0.278666788999408	K01961	Gorilla
g__Escherichia	3.494	0.628574409789498	K01961	Gorilla
g__Exiguobacterium	2.974	0.535025842791633	K01961	Gorilla
g__Filifactor	0.569	0.102363720426509	K01961	Gorilla
g__Haemophilus	0	0	K01961	Gorilla
g__Klebsiella	0.653	0.117475412018472	K01961	Gorilla
g__Lactobacillus	6.039	1.08642268480789	K01961	Gorilla
g__Lactococcus	0.401	0.072140337242584	K01961	Gorilla
g__Leptotrichia	0.379	0.0681825132542128	K01961	Gorilla
g__Lysinibacillus	0.112	0.020148922122617	K01961	Gorilla
g__Macrococcus	0.163	0.0293238777320229	K01961	Gorilla
g__Micromonospora	0	0	K01961	Gorilla
g__Morganella	0.367	0.0660237001696467	K01961	Gorilla
g__Neisseria	208.166	37.449290380149	K01961	Gorilla
g__Nitrosomonas	0.092	0.0165509003150068	K01961	Gorilla
g__Nitrosospira	0.185	0.0332817017203941	K01961	Gorilla
g__Pantoea	0	0	K01961	Gorilla
g__Paracoccus	0	0	K01961	Gorilla
g__Pseudomonas	3.165	0.56938695105431	K01961	Gorilla
g__Rahnella	0	0	K01961	Gorilla
g__Rhodanobacter	1.015	0.182599606736216	K01961	Gorilla
g__Rhodopseudomonas	0.744	0.133846411243099	K01961	Gorilla
g__Selenomonas	0	0	K01961	Gorilla
g__Staphylococcus	2.018	0.363040400387867	K01961	Gorilla
g__Streptococcus	10.858	1.95336603935156	K01961	Gorilla
g__Streptosporangium	0	0	K01961	Gorilla
g__Variovorax	0	0	K01961	Gorilla
unclassified	223.217	40.156981691466	K01961	Gorilla
Total	555.861	100	K01961	Gorilla
g__Acidovorax	0	0	K01961	Alouatta
g__Acinetobacter	0	0	K01961	Alouatta
g__Actinobacillus	0	0	K01961	Alouatta
g__Advenella	0	0	K01961	Alouatta
g__Aggregatibacter	59.972	10.694676022933	K01961	Alouatta
g__Agrobacterium	0	0	K01961	Alouatta
g__Bacillus	0	0	K01961	Alouatta
g__Bacteroides	0	0	K01961	Alouatta
g__Brevundimonas	0	0	K01961	Alouatta
g__Burkholderia	0	0	K01961	Alouatta
g__Campylobacter	2.526	0.450456073399731	K01961	Alouatta
g__Capnocytophaga	0.106	0.0189027489233458	K01961	Alouatta
g__Chlorobium	0	0	K01961	Alouatta
g__Citrobacter	0	0	K01961	Alouatta
g__Clostridium	0	0	K01961	Alouatta
g__Cryptobacterium	0	0	K01961	Alouatta
g__Enterobacter	0	0	K01961	Alouatta
g__Escherichia	0	0	K01961	Alouatta
g__Exiguobacterium	0	0	K01961	Alouatta
g__Filifactor	0	0	K01961	Alouatta
g__Haemophilus	0	0	K01961	Alouatta
g__Klebsiella	0	0	K01961	Alouatta
g__Lactobacillus	0	0	K01961	Alouatta
g__Lactococcus	0	0	K01961	Alouatta
g__Leptotrichia	9.529	1.69928579708077	K01961	Alouatta
g__Lysinibacillus	0	0	K01961	Alouatta
g__Macrococcus	0	0	K01961	Alouatta
g__Micromonospora	0	0	K01961	Alouatta
g__Morganella	0	0	K01961	Alouatta
g__Neisseria	0.215	0.0383404813067863	K01961	Alouatta
g__Nitrosomonas	0.105	0.0187244211033142	K01961	Alouatta
g__Nitrosospira	0	0	K01961	Alouatta
g__Pantoea	0	0	K01961	Alouatta
g__Paracoccus	0	0	K01961	Alouatta
g__Pseudomonas	0	0	K01961	Alouatta
g__Rahnella	0	0	K01961	Alouatta
g__Rhodanobacter	0	0	K01961	Alouatta
g__Rhodopseudomonas	0.523	0.093265449876508	K01961	Alouatta
g__Selenomonas	0	0	K01961	Alouatta
g__Staphylococcus	0	0	K01961	Alouatta
g__Streptococcus	342.06	60.9988141199968	K01961	Alouatta
g__Streptosporangium	0	0	K01961	Alouatta
g__Variovorax	0	0	K01961	Alouatta
unclassified	145.729	25.9875348853798	K01961	Alouatta
Total	560.765	100	K01961	Alouatta
g__Aeromonas	0	0	K07173	Homo
g__Aggregatibacter	95.319	4.40450528504592	K07173	Homo
g__Bacillus	0	0	K07173	Homo
g__Bacteroides	0	0	K07173	Homo
g__Campylobacter	5.696	0.26320106278519	K07173	Homo
g__Capnocytophaga	111.165	5.13671807312424	K07173	Homo
g__Citrobacter	0	0	K07173	Homo
g__Clostridium	0	0	K07173	Homo
g__Cryptobacterium	0	0	K07173	Homo
g__Enterobacter	0	0	K07173	Homo
g__Escherichia	0	0	K07173	Homo
g__Exiguobacterium	0	0	K07173	Homo
g__Fusobacterium	31.043	1.43443655056894	K07173	Homo
g__Haemophilus	50.599	2.33808121065096	K07173	Homo
g__Lactobacillus	0.153	0.00706983191821175	K07173	Homo
g__Leptotrichia	28.271	1.30634783110957	K07173	Homo
g__Lysinibacillus	0	0	K07173	Homo
g__Macrococcus	0	0	K07173	Homo
g__Morganella	0	0	K07173	Homo
g__Neisseria	513.077	23.7082885692832	K07173	Homo
g__Olsenella	39.532	1.82669670190031	K07173	Homo
g__Pantoea	0.185	0.00854848957430832	K07173	Homo
g__Porphyromonas	30.11	1.39132443828337	K07173	Homo
g__Prevotella	4.429	0.204655461214117	K07173	Homo
g__Propionibacterium	78.76	3.63934615606769	K07173	Homo
g__Proteus	0	0	K07173	Homo
g__Rothia	78.1	3.6088488419107	K07173	Homo
g__Staphylococcus	5.187	0.239681164442904	K07173	Homo
g__Streptococcus	869.438	40.1750361000404	K07173	Homo
unclassified	223.061	10.3072142320799	K07173	Homo
Total	2164.125	100	K07173	Homo
g__Aeromonas	0	0	K07173	Pan
g__Aggregatibacter	0	0	K07173	Pan
g__Bacillus	1.399	2.68419033000768	K07173	Pan
g__Bacteroides	0	0	K07173	Pan
g__Campylobacter	0	0	K07173	Pan
g__Capnocytophaga	0.21	0.402916346891788	K07173	Pan
g__Citrobacter	0	0	K07173	Pan
g__Clostridium	0.229	0.43937068303914	K07173	Pan
g__Cryptobacterium	4.159	7.97966231772832	K07173	Pan
g__Enterobacter	0.358	0.686876438986953	K07173	Pan
g__Escherichia	0.199	0.381811204911742	K07173	Pan
g__Exiguobacterium	0	0	K07173	Pan
g__Fusobacterium	4.386	8.41519570222563	K07173	Pan
g__Haemophilus	0	0	K07173	Pan
g__Lactobacillus	0	0	K07173	Pan
g__Leptotrichia	0	0	K07173	Pan
g__Lysinibacillus	0.639	1.22601688411358	K07173	Pan
g__Macrococcus	0.19	0.364543361473523	K07173	Pan
g__Morganella	0	0	K07173	Pan
g__Neisseria	0	0	K07173	Pan
g__Olsenella	30.545	58.605141980046	K07173	Pan
g__Pantoea	0	0	K07173	Pan
g__Porphyromonas	6.776	13.0007674597084	K07173	Pan
g__Prevotella	0.449	0.861473522640061	K07173	Pan
g__Propionibacterium	0.13	0.249424405218726	K07173	Pan
g__Proteus	0	0	K07173	Pan
g__Rothia	0	0	K07173	Pan
g__Staphylococcus	0.152	0.291634689178818	K07173	Pan
g__Streptococcus	1.311	2.51534919416731	K07173	Pan
unclassified	0.988	1.89562547966232	K07173	Pan
Total	52.12	100	K07173	Pan
g__Aeromonas	0.518	0.0787560796500676	K07173	Gorilla
g__Aggregatibacter	35.516	5.39980873523514	K07173	Gorilla
g__Bacillus	0	0	K07173	Gorilla
g__Bacteroides	0	0	K07173	Gorilla
g__Campylobacter	0	0	K07173	Gorilla
g__Capnocytophaga	1.705	0.259226092284489	K07173	Gorilla
g__Citrobacter	0.874	0.132881879564014	K07173	Gorilla
g__Clostridium	0	0	K07173	Gorilla
g__Cryptobacterium	1.73	0.263027061379569	K07173	Gorilla
g__Enterobacter	1.915	0.291154232683165	K07173	Gorilla
g__Escherichia	2.698	0.410200584741086	K07173	Gorilla
g__Exiguobacterium	2.486	0.377968366814803	K07173	Gorilla
g__Fusobacterium	2.063	0.313655969726041	K07173	Gorilla
g__Haemophilus	0	0	K07173	Gorilla
g__Lactobacillus	0.471	0.0716102577513163	K07173	Gorilla
g__Leptotrichia	0.142	0.0215895044600571	K07173	Gorilla
g__Lysinibacillus	0.118	0.0179405741287799	K07173	Gorilla
g__Macrococcus	0.242	0.0367933808403791	K07173	Gorilla
g__Morganella	0.526	0.0799723897604933	K07173	Gorilla
g__Neisseria	209.682	31.8797920717866	K07173	Gorilla
g__Olsenella	11.4	1.7332419073567	K07173	Gorilla
g__Pantoea	0	0	K07173	Gorilla
g__Porphyromonas	0.106	0.0161161089631412	K07173	Gorilla
g__Prevotella	0	0	K07173	Gorilla
g__Propionibacterium	0.109	0.0165722252545509	K07173	Gorilla
g__Proteus	0.686	0.104298591969008	K07173	Gorilla
g__Rothia	1.487	0.226081641775387	K07173	Gorilla
g__Staphylococcus	1.581	0.24037328557289	K07173	Gorilla
g__Streptococcus	18.075	2.74810065574319	K07173	Gorilla
unclassified	363.597	55.2808384025591	K07173	Gorilla
Total	657.727	100	K07173	Gorilla
g__Aeromonas	0	0	K07173	Alouatta
g__Aggregatibacter	52.22	15.4644365342131	K07173	Alouatta
g__Bacillus	0	0	K07173	Alouatta
g__Bacteroides	0	0	K07173	Alouatta
g__Campylobacter	2.943	0.871540343167159	K07173	Alouatta
g__Capnocytophaga	0.158	0.0467901373497829	K07173	Alouatta
g__Citrobacter	0	0	K07173	Alouatta
g__Clostridium	0	0	K07173	Alouatta
g__Cryptobacterium	0	0	K07173	Alouatta
g__Enterobacter	0	0	K07173	Alouatta
g__Escherichia	0	0	K07173	Alouatta
g__Exiguobacterium	0	0	K07173	Alouatta
g__Fusobacterium	3.057	0.905300315685357	K07173	Alouatta
g__Haemophilus	0	0	K07173	Alouatta
g__Lactobacillus	0	0	K07173	Alouatta
g__Leptotrichia	5.781	1.7119859748044	K07173	Alouatta
g__Lysinibacillus	0	0	K07173	Alouatta
g__Macrococcus	0	0	K07173	Alouatta
g__Morganella	0	0	K07173	Alouatta
g__Neisseria	6.499	1.92461457364708	K07173	Alouatta
g__Olsenella	0	0	K07173	Alouatta
g__Pantoea	0	0	K07173	Alouatta
g__Porphyromonas	3.739	1.10726787057493	K07173	Alouatta
g__Prevotella	0	0	K07173	Alouatta
g__Propionibacterium	0	0	K07173	Alouatta
g__Proteus	0	0	K07173	Alouatta
g__Rothia	0	0	K07173	Alouatta
g__Staphylococcus	0	0	K07173	Alouatta
g__Streptococcus	0.34	0.100687637334976	K07173	Alouatta
unclassified	262.941	77.8673766132232	K07173	Alouatta
Total	337.678	100	K07173	Alouatta
