#SampleID	BarcodeSequence	LinkerPrimerSequence	Study	Accession_ID	SourceSink	Env	Description	Host_General	Host_Genus	Host_Common	Code	Is_Oral	Age	Location	Site	ToothSource	Type	LabProtocol	ScreeningDeepData	NCBI Project ID	individual_id	SumSampleWeight_mg	SumExtractionConcentration_ng_ul	SumLibraryConcentration_copies_ul	Sample_or_Control	Individual_Seq_Depth	Individual_Seq_Depth_NonHuman	Percentage_Hits	Percentage_Hits_with_Taxonomy	Min_Support_Reads_Threshold_MALT	Min_Support_Reads_Threshold_MALT_refseq	Min_Support_Reads_Threshold_MP2
CDC005.A0101	NA	NA	This_study	NA	sink	Chimp_1	Pan_troglodytes	Chimp	Pan	Pan	PA1	Calculus	Historical	Liberia	Cess River	Multiple	Calculus	B.2	Screening	NA	CDC005	0	0	99490750	Sample	4550438	4526782	16.2143217853	16.2116708956	73	104	21
CDC006.A0101	NA	NA	This_study	NA	sink	Chimp_1	Pan_troglodytes	Chimp	Pan	Pan	PA1	Calculus	Historical	Liberia	Cess River	Premolar	Calculus	B.3	Screening	NA	CDC006	0	0.452	189500000	Sample	15210915	15120313	20.6454324061	20.6329194376	312	473	113
CDC007.A0101	NA	NA	This_study	NA	sink	Chimp_1	Pan_troglodytes	Chimp	Pan	Pan	PA1	Calculus	Historical	Liberia	Cess River	Multiple	Calculus	B.3	Screening	NA	CDC007	0	0.129	26650000	Sample	15965860	15878673	16.5712966065	16.5650996151	263	377	100
CDC008.A0101	NA	NA	This_study	NA	sink	Chimp_1	Pan_troglodytes	Chimp	Pan	Pan	PA1	Calculus	Historical	Liberia	Cess River	Molar	Calculus	B.3	Screening	NA	CDC008	0	0.104	21600000	Sample	15191052	15094966	12.7285612965	12.7283758042	192	257	74
CDC009.A0101	NA	NA	This_study	NA	sink	Chimp_1	Pan_troglodytes	Chimp	Pan	Pan	PA1	Calculus	Historical	Liberia	Cess River	Multiple	Calculus	B.3	Screening	NA	CDC009	0	2.38	142600000	Sample	14434761	14286106	11.0280576107	11.0278756157	157	234	63
CDC010.A0101	NA	NA	This_study	NA	sink	Chimp_1	Pan_troglodytes	Chimp	Pan	Pan	PA1	Calculus	Historical	Liberia	Cess River	Premolar	Calculus	B.3	Screening	NA	CDC010	0	0.1	17840000	Sample	15143701	15031925	16.2730521873	16.2728326545	244	369	95
CDC011.A0101	NA	NA	This_study	NA	sink	Chimp_1	Pan_troglodytes	Chimp	Pan	Pan	PA1	Calculus	Historical	Liberia	Cess River	Multiple	Calculus	B.2	Screening	NA	CDC011	0	0	176300000	Sample	9180039	9141614	17.9039609417	17.903731223	163	264	57
KNP001.A0102	NA	NA	This_study	NA	sink	Chimp_2	Pan_troglodytes	Chimp	Pan	Pan	PA2	Calculus	Historical	Uganda	Kibale National Park	Molar	Calculus	A.1	Both	NA	KNP001	12.4	43.3548387097	6934000000	Sample	94897020	16260023	16.7932542285	16.7929959263	273	475	154
KNP003.A0102	NA	NA	This_study	NA	sink	Chimp_2	Pan_troglodytes	Chimp	Pan	Pan	PA2	Calculus	Historical	Uganda	Kibale National Park	Molar	Calculus	A.1	Screening	NA	KNP003	3.3	157.0909090909	3244000000	Sample	16902026	10394445	20.1743046406	20.1741218507	209	345	93
KNP004.A0102	NA	NA	This_study	NA	sink	Chimp_2	Pan_troglodytes	Chimp	Pan	Pan	PA2	Calculus	Historical	Uganda	Kibale National Park	Incisor	Calculus	A.1	Both	NA	KNP004	1.7	59.2941176471	10620000000	Sample	10425696	184494	18.9534619012	18.950751786	3	6	1
KNP005.A0102	NA	NA	This_study	NA	sink	Chimp_2	Pan_troglodytes	Chimp	Pan	Pan	PA2	Calculus	Historical	Uganda	Kibale National Park	Multiple	Calculus	A.1	Both	NA	KNP005	13.1	22.7175572519	3601000000	Sample	188197	11095033	16.0298486719	16.0294520981	177	296	100
KNP006.A0102	NA	NA	This_study	NA	sink	Chimp_2	Pan_troglodytes	Chimp	Pan	Pan	PA2	Calculus	Historical	Uganda	Kibale National Park	Multiple	Calculus	A.1	Screening	NA	KNP006	4.4	15	1482000000	Sample	11286072	11159677	21.66379009	21.6635571083	241	357	101
KNP007.A0102	NA	NA	This_study	NA	sink	Chimp_2	Pan_troglodytes	Chimp	Pan	Pan	PA2	Calculus	Historical	Uganda	Kibale National Park	Molar	Calculus	A.1	Screening	NA	KNP007	11.3	10.3539823009	4672000000	Sample	11288291	9160659	18.9067511409	18.9064673186	173	302	89
KNP009.A0102	NA	NA	This_study	NA	sink	Chimp_2	Pan_troglodytes	Chimp	Pan	Pan	PA2	Calculus	Historical	Uganda	Kibale National Park	Molar	Calculus	A.1	Both	NA	KNP009	17	1.1364705882	12010000000	Sample	9238663	11345038	20.4013243499	20.4010246594	231	375	122
ABM007.A0101	NA	NA	This_study	NA	sink	Chimp_3	Pan_troglodytes	Chimp	Pan	Pan	PA3	Calculus	Historical	Cameroon	Abong Mbong	Molar	Calculus	B.3	Screening	NA	ABM007	0	0.119	54580000	Sample	13036934	12981357	15.3795939824	15.3789237905	199	303	79
ABM008.A0101	NA	NA	This_study	NA	sink	Chimp_3	Pan_troglodytes	Chimp	Pan	Pan	PA3	Calculus	Historical	Cameroon	Abong Mbong	Molar	Calculus	B.3	Screening	NA	ABM008	0	0.0693	23970000	Sample	5056494	5032357	15.158701976	15.1584833906	76	129	28
DJA006.A0101	NA	NA	This_study	NA	sink	Chimp_3	Pan_troglodytes	Chimp	Pan	Pan	PA3	Calculus	Historical	Cameroon	Djaposten	Premolar	Calculus	B.3	Screening	NA	DJA006	0	0.262	96230000	Sample	13803162	13754707	17.3592865337	17.3589012111	238	348	64
DJA007.A0101	NA	NA	This_study	NA	sink	Chimp_3	Pan_troglodytes	Chimp	Pan	Pan	PA3	Calculus	Historical	Cameroon	Djaposten	Molar	Calculus	B.3	Screening	NA	DJA007	0	0.189	202400000	Sample	17462968	17395667	16.7349030077	16.7344258774	291	455	138
EBO008.A0101	NA	NA	This_study	NA	sink	Chimp_3	Pan_troglodytes	Chimp	Pan	Pan	PA3	Calculus	Historical	Cameroon	Ebolwa	Molar	Calculus	B.3	Screening	NA	EBO008	0	0.0673	44640000	Sample	11718029	11592824	21.4859899538	21.4857743031	249	370	82
EBO009.A0101	NA	NA	This_study	NA	sink	Chimp_3	Pan_troglodytes	Chimp	Pan	Pan	PA3	Calculus	Historical	Cameroon	Ebolwa	Molar	Calculus	B.3	Screening	NA	EBO009	0	0	10240000	Sample	3686370	3668406	18.7127324511	18.7125688923	68	104	21
Chimp.150519	NA	NA	Weyrich2017	NA	sink	Chimp_4	Pan_troglodytes	Chimp	Pan	Pan	PA3	Calculus	Historical	Sierra_Leone	Gola Forest	Unknown	Calculus	NA	Screening	NA	Chimp.150519	NA	NA	NA	Sample	17575167	17319354	18.2327932093	18.2322677855	315	646	186
ARS001.A0101.SG1.2	NA	NA	Jeong2018	NA	source	EnvironmentalControl	Archaeological_femur	EnvironmentalControl	Control	EnvironmentalControl	EN0	Not_Oral	Bronze Age	Mongolia	Arbulag sum	NA	NA	B.4	NA	PRJNA429081	ARS001	80	NA	154800000	Control	25983808	24581512	12.3375150138774	12.3305015880894	303	409	22
ARS004.A0101.SG1.2	NA	NA	Jeong2018	NA	source	EnvironmentalControl	Archaeological_femur	EnvironmentalControl	Control	EnvironmentalControl	EN0	Not_Oral	Bronze Age	Mongolia	Arbulag sum	NA	NA	B.4	NA	PRJNA429081	ARS004	90	NA	140550000	Control	18184154	17580795	8.64481700666586	8.62470412997105	151	214	6
ARS005.A0101.SG1.2	NA	NA	Jeong2018	NA	source	EnvironmentalControl	Archaeological_femur	EnvironmentalControl	Control	EnvironmentalControl	EN0	Not_Oral	Bronze Age	Mongolia	Arbulag sum	NA	NA	B.4	NA	PRJNA429081	ARS005	55	NA	60450000	Control	20112244	18356410	9.28803142935216	9.27954934817086	170	231	19
ARS010.A0101.SG1.2	NA	NA	Jeong2018	NA	source	EnvironmentalControl	Archaeological_femur	EnvironmentalControl	Control	EnvironmentalControl	EN0	Not_Oral	Bronze Age	Mongolia	Arbulag sum	NA	NA	B.4	NA	PRJNA429081	ARS010	57	NA	1331500000	Control	20257993	20255679	7.01953611110055	7.00902547331317	142	191	16
ARS011.A0101.SG1.2	NA	NA	Jeong2018	NA	source	EnvironmentalControl	Archaeological_femur	EnvironmentalControl	Control	EnvironmentalControl	EN0	Not_Oral	Bronze Age	Mongolia	Arbulag sum	NA	NA	B.4	NA	PRJNA429081	ARS011	49.8	NA	551000000	Control	18265812	18240287	8.61087640482949	8.60141383701533	157	216	23
ARS012.A0101.SG1.2	NA	NA	Jeong2018	NA	source	EnvironmentalControl	Archaeological_femur	EnvironmentalControl	Control	EnvironmentalControl	EN0	Not_Oral	Bronze Age	Mongolia	Arbulag sum	NA	NA	B.4	NA	PRJNA429081	ARS012	58	NA	283250000	Control	20726589	20433082	10.2057403068131	10.1999164198815	208	289	34
ARS013.A0101.SG1.2	NA	NA	Jeong2018	NA	source	EnvironmentalControl	Archaeological_femur	EnvironmentalControl	Control	EnvironmentalControl	EN0	Not_Oral	Bronze Age	Mongolia	Arbulag sum	NA	NA	B.4	NA	PRJNA429081	ARS013	58	NA	635000000	Control	21082198	21043477	9.07923499345165	9.07092363050218	191	254	27
ARS015.A0101.SG1.2	NA	NA	Jeong2018	NA	source	EnvironmentalControl	Archaeological_femur	EnvironmentalControl	Control	EnvironmentalControl	EN0	Not_Oral	Bronze Age	Mongolia	Arbulag sum	NA	NA	B.4	NA	PRJNA429081	ARS015	77	NA	121400000	Control	31214553	29902998	10.1700033508411	10.1568474537955	304	412	26
ARS017.A0101.SG1.2	NA	NA	Jeong2018	NA	source	EnvironmentalControl	Archaeological_femur	EnvironmentalControl	Control	EnvironmentalControl	EN0	Not_Oral	Bronze Age	Mongolia	Arbulag sum	NA	NA	B.4	NA	PRJNA429081	ARS017	69	NA	224400000	Control	41127718	38493832	9.62238334485034	9.61530428276761	370	495	62
ARS020.A0101.SG1.2	NA	NA	Jeong2018	NA	source	EnvironmentalControl	Archaeological_femur	EnvironmentalControl	Control	EnvironmentalControl	EN0	Not_Oral	Bronze Age	Mongolia	Arbulag sum	NA	NA	B.4	NA	PRJNA429081	ARS020	57	NA	254150000	Control	21133899	21129699	9.13238281340401	9.12386873092702	192	261	37
EXB002.A1101	NA	NA	This_study	NA	sink	ExtractionControl	extraction_control	ExtractionControl	Control	ExtractionControl	EX0	Blank	ModernDay	Germany	Jena	None	Blank	X.1	Screening	NA	EXB002.A1101	NA	NA	282800	Control	283027	280225	25.3203675618	25.3200107057	7	7	0
EXB015.A1701	NA	NA	This_study	NA	sink	ExtractionControl	extraction_control	ExtractionControl	Control	ExtractionControl	EX0	Blank	ModernDay	Germany	Jena	None	Blank	X.1	Screening	NA	EXB015.A1701	NA	NA	31640	Control	371378	238443	62.7248440927	62.7244247053	14	16	0
EXB015.A1901	NA	NA	This_study	NA	sink	ExtractionControl	extraction_control	ExtractionControl	Control	ExtractionControl	EX0	Blank	ModernDay	Germany	Jena	None	Blank	X.1	Screening	NA	EXB015.A1901	NA	NA	31080	Control	455419	277964	67.9026780446	67.9012390094	18	21	0
EXB015.A2001	NA	NA	This_study	NA	sink	ExtractionControl	extraction_control	ExtractionControl	Control	ExtractionControl	EX0	Blank	ModernDay	Germany	Jena	None	Blank	X.1	Screening	NA	EXB015.A2001	NA	NA	26940	Control	491661	309131	69.7853013771	69.7846544022	21	23	1
EXB015.A2101	NA	NA	This_study	NA	sink	ExtractionControl	extraction_control	ExtractionControl	Control	ExtractionControl	EX0	Blank	ModernDay	Germany	Jena	None	Blank	X.1	Screening	NA	EXB015.A2101	NA	NA	45470	Control	729522	448340	73.6855957532	73.6849266182	33	35	0
EXB015.A2201	NA	NA	This_study	NA	sink	ExtractionControl	extraction_control	ExtractionControl	Control	ExtractionControl	EX0	Blank	ModernDay	Germany	Jena	None	Blank	X.1	Screening	NA	EXB015.A2201	NA	NA	1144440	Control	788087	505402	66.6526843978	66.6503100502	33	36	0
EXB015.A2301	NA	NA	This_study	NA	sink	ExtractionControl	extraction_control	ExtractionControl	Control	ExtractionControl	EX0	Blank	ModernDay	Germany	Jena	None	Blank	X.1	Screening	NA	EXB015.A2301	NA	NA	33560	Control	253027	172075	63.7460409705	63.7454598286	10	11	0
EXB015.A2401	NA	NA	This_study	NA	sink	ExtractionControl	extraction_control	ExtractionControl	Control	ExtractionControl	EX0	Blank	ModernDay	Germany	Jena	None	Blank	X.1	Screening	NA	EXB015.A2401	NA	NA	29790	Control	580408	490275	51.1988169905	51.1953495487	25	26	3
EXB015.A2501	NA	NA	This_study	NA	sink	ExtractionControl	extraction_control	ExtractionControl	Control	ExtractionControl	EX0	Blank	ModernDay	Germany	Jena	None	Blank	X.1	Screening	NA	EXB015.A2501	NA	NA	20860	Control	1769022	1622112	38.0307278412	38.0284468643	61	65	0
EXB015.A2601	NA	NA	This_study	NA	sink	ExtractionControl	extraction_control	ExtractionControl	Control	ExtractionControl	EX0	Blank	ModernDay	Germany	Jena	None	Blank	X.1	Screening	NA	EXB015.A2601	NA	NA	18310	Control	1697372	1535271	35.6643875902	35.6604143503	54	57	1
EXB015.A2801	NA	NA	This_study	NA	sink	ExtractionControl	extraction_control	ExtractionControl	Control	ExtractionControl	EX0	Blank	ModernDay	Germany	Jena	None	Blank	X.1	Screening	NA	EXB015.A2801	NA	NA	41240	Control	2302672	2086131	36.9528567477	36.94921364	77	97	4
EXB015.A2901	NA	NA	This_study	NA	sink	ExtractionControl	extraction_control	ExtractionControl	Control	ExtractionControl	EX0	Blank	ModernDay	Germany	Jena	None	Blank	X.1	Screening	NA	EXB015.A2901	NA	NA	2880	Control	781866	490977	45.3499858446	45.3479490893	22	25	0
EXB020.A0101	NA	NA	This_study	NA	sink	ExtractionControl	extraction_control	ExtractionControl	Control	ExtractionControl	EX0	Blank	ModernDay	Germany	Jena	None	Blank	X.1	Screening	NA	EXB020.A0101	NA	NA	74045	Control	112204	326164	53.2817846237	53.2738131737	17	4	NA
EXB021.A0101	NA	NA	This_study	NA	sink	ExtractionControl	extraction_control	ExtractionControl	Control	ExtractionControl	EX0	Blank	ModernDay	Germany	Jena	None	Blank	X.1	Screening	NA	EXB021.A0101	NA	NA	79120	Control	108735	405936	53.1086181073	53.1031985338	21	4	0
EXB022.A0101	NA	NA	This_study	NA	sink	ExtractionControl	extraction_control	ExtractionControl	Control	ExtractionControl	EX0	Blank	ModernDay	Germany	Jena	None	Blank	X.1	Screening	NA	EXB022.A0101	NA	NA	810050	Control	2445235	1767632	55.1122066131	55.1113580202	97	111	7
EXB023.A0101	NA	NA	This_study	NA	sink	ExtractionControl	extraction_control	ExtractionControl	Control	ExtractionControl	EX0	Blank	ModernDay	Germany	Jena	None	Blank	X.1	Screening	NA	EXB023.A0101	NA	NA	399150	Control	2409113	1731519	53.3811064158	53.3796048441	92	95	5
EXB033.A0401	NA	NA	This_study	NA	sink	ExtractionControl	extraction_control	ExtractionControl	Control	ExtractionControl	EX0	Blank	ModernDay	USA	Oklahoma	None	Blank	X.1	Screening	NA	EXB033.A0401	NA	NA	NA	Control	921045	891364	21.697757594	21.6955138417	19	25	3
EXB033.A0801	NA	NA	This_study	NA	sink	ExtractionControl	extraction_control	ExtractionControl	Control	ExtractionControl	EX0	Blank	ModernDay	Germany	Jena	None	Blank	X.1	Screening	NA	EXB033.A0801	NA	NA	14735	Control	1009071	940295	51.9271079821	51.9229603476	48	53	9
EXB033.A1401	NA	NA	This_study	NA	sink	ExtractionControl	extraction_control	ExtractionControl	Control	ExtractionControl	EX0	Blank	ModernDay	USA	Oklahoma	None	Blank	B.4	Screening	NA	EXB033.A1401	NA	NA	471700	Control	227118	223573	14.1412424577	14.1385587705	3	4	0
MTK001.A0101	NA	NA	This_study	NA	sink	Gorilla_1	Gorilla_beringei_beringei	Gorilla	Gorilla	Gorilla	GO1	Calculus	Historical	Rwanda	Mount Karisimbi	Incisor	Calculus	B.2	Screening	NA	MTK001	0	0	344125000	Sample	8345706	8268804	25.937173018	25.9368343959	214	350	86
MTM001.A0101	NA	NA	This_study	NA	sink	Gorilla_1	Gorilla_beringei_beringei	Gorilla	Gorilla	Gorilla	GO1	Calculus	Historical	Congo	Mount Mikeno	Incisor	Calculus	B.2	Screening	NA	MTM001	0	0	2280000000	Sample	3875027	3486856	21.5153708671	21.514912001	75	125	22
MTM002.A0101	NA	NA	This_study	NA	sink	Gorilla_1	Gorilla_beringei_beringei	Gorilla	Gorilla	Gorilla	GO1	Calculus	Historical	Congo	Mount Mikeno	Canine	Calculus	B.2	Screening	NA	MTM002	0	0	312000000	Sample	3170409	3065269	40.0276778319	40.0275799612	122	130	56
MTM003.A0101	NA	NA	This_study	NA	sink	Gorilla_1	Gorilla_beringei_beringei	Gorilla	Gorilla	Gorilla	GO1	Calculus	Historical	Congo	Mount Mikeno	Molar	Calculus	B.2	Screening	NA	MTM003	0	0	477875000	Sample	36597397	34546048	43.5458058763	43.5455164075	1504	2026	736
MTM004.A0101	NA	NA	This_study	NA	sink	Gorilla_1	Gorilla_beringei_beringei	Gorilla	Gorilla	Gorilla	GO1	Calculus	Historical	Congo	Mount Mikeno	Unknown	Calculus	B.2	Screening	NA	MTM004	0	0	1270000000	Sample	4189539	4106490	23.6643215983	23.6639806745	97	156	40
MTM005.A0101	NA	NA	This_study	NA	sink	Gorilla_1	Gorilla_beringei_beringei	Gorilla	Gorilla	Gorilla	GO1	Calculus	Historical	Congo	Mount Mikeno	Incisor	Calculus	B.2	Screening	NA	MTM005	0	0	396000000	Sample	3459869	3434086	25.9944567492	25.9935249146	89	154	35
MTM006.A0101	NA	NA	This_study	NA	sink	Gorilla_1	Gorilla_beringei_beringei	Gorilla	Gorilla	Gorilla	GO1	Calculus	Historical	Congo	Mount Mikeno	Incisor	Calculus	B.2	Screening	NA	MTM006	0	0	493000000	Sample	7111633	7069851	32.7610864783	32.7607611532	231	371	100
MTM008.A0101	NA	NA	This_study	NA	sink	Gorilla_1	Gorilla_beringei_beringei	Gorilla	Gorilla	Gorilla	GO1	Calculus	Historical	Congo	Mount Mikeno	Molar	Calculus	B.2	Screening	NA	MTM008	0	0	402000000	Sample	5259403	5164298	25.3697404759	25.3692370192	131	222	38
MTM009.A0101	NA	NA	This_study	NA	sink	Gorilla_1	Gorilla_beringei_beringei	Gorilla	Gorilla	Gorilla	GO1	Calculus	Historical	Congo	Mount Mikeno	Incisor	Calculus	B.2	Both	NA	MTM009	0	0	164000000	Sample	2400568	2385491	23.6506446681	23.6503093074	56	89	21
MTM011.A0101	NA	NA	This_study	NA	sink	Gorilla_1	Gorilla_beringei_beringei	Gorilla	Gorilla	Gorilla	GO1	Calculus	Historical	Congo	Mount Mikeno	Incisor	Calculus	B.2	Screening	NA	MTM011	0	0	550900000	Sample	8467093	4775010	33.5348826495	33.5344638022	160	152	24
MTM012.A0101	NA	NA	This_study	NA	sink	Gorilla_1	Gorilla_beringei_beringei	Gorilla	Gorilla	Gorilla	GO1	Calculus	Historical	Congo	Mount Mikeno	Incisor	Calculus	B.2	Screening	NA	MTM012	0	0	747050000	Sample	11834945	10623025	50.4640156641	50.4636767776	536	636	357
MTM013.A0101	NA	NA	This_study	NA	sink	Gorilla_1	Gorilla_beringei_beringei	Gorilla	Gorilla	Gorilla	GO1	Calculus	Historical	Congo	Mount Mikeno	Molar	Calculus	B.2	Screening	NA	MTM013	0	0	238144550	Sample	7854954	7105486	42.4591083566	42.4586861476	301	347	128
MTS001.A0101	NA	NA	This_study	NA	sink	Gorilla_1	Gorilla_beringei_beringei	Gorilla	Gorilla	Gorilla	GO1	Calculus	Historical	Congo	Mount Sabyinyo	Unknown	Calculus	B.2	Screening	NA	MTS001	0	0	636400000	Sample	7110585	6540914	30.6402591442	30.639892223	200	287	80
MTS002.A0101	NA	NA	This_study	NA	sink	Gorilla_1	Gorilla_beringei_beringei	Gorilla	Gorilla	Gorilla	GO1	Calculus	Historical	Congo	Mount Sabyinyo	Incisor	Calculus	B.2	Screening	NA	MTS002	0	0	1069750000	Sample	10230398	6562562	37.6066542305	37.605237101	246	262	65
MTS003.A0101	NA	NA	This_study	NA	sink	Gorilla_1	Gorilla_beringei_beringei	Gorilla	Gorilla	Gorilla	GO1	Calculus	Historical	Congo	Mount Sabyinyo	Unknown	Calculus	B.2	Screening	NA	MTS003	0	0	790800000	Sample	7713993	7532301	39.0534313485	39.0530197877	294	430	171
ABM006.A0101	NA	NA	This_study	NA	sink	Gorilla_2	Gorilla_gorilla_gorilla	Gorilla	Gorilla	Gorilla	GO2	Calculus	Historical	Cameroon	Abong Mbong	Molar	Calculus	B.3	Screening	NA	ABM006	0	0.444	15730000	Sample	8124616	8057367	23.9753011126	23.9686115824	193	309	56
DJA002.A0101	NA	NA	This_study	NA	sink	Gorilla_2	Gorilla_gorilla_gorilla	Gorilla	Gorilla	Gorilla	GO2	Calculus	Historical	Cameroon	Djaposten	Molar	Calculus	B.3	Both	NA	DJA002	0	0.064	13750000	Sample	12060645	11978137	17.5081316903	17.507989765	209	364	124
EBO001.A0101	NA	NA	This_study	NA	sink	Gorilla_2	Gorilla_gorilla_gorilla	Gorilla	Gorilla	Gorilla	GO2	Calculus	Historical	Cameroon	Ebolwa	Premolar	Calculus	B.3	Screening	NA	EBO001	0	0.038	9444000	Sample	15940347	15767290	21.4133183318	21.4129377972	337	553	185
EBO003.A0101	NA	NA	This_study	NA	sink	Gorilla_2	Gorilla_gorilla_gorilla	Gorilla	Gorilla	Gorilla	GO2	Calculus	Historical	Cameroon	Ebolwa	Molar	Calculus	B.3	Both	NA	EBO003	0	0.312	2996000	Sample	20663024	20549945	17.7561691771	17.7559307336	364	567	139
GDC002.A0101	NA	NA	This_study	NA	sink	Gorilla_2	Gorilla_gorilla_gorilla	Gorilla	Gorilla	Gorilla	GO2	Calculus	Historical	Cameroon	Unknown	Molar	Calculus	B.3	Screening	NA	GDC002	0	0.064	23290000	Sample	12455663	11300654	25.2152397552	25.2147442086	284	364	130
GDC004.A0101	NA	NA	This_study	NA	sink	Gorilla_2	Gorilla_gorilla_gorilla	Gorilla	Gorilla	Gorilla	GO2	Calculus	Historical	Cameroon	Unknown	Molar	Calculus	B.3	Screening	NA	GDC004	0	0.08	29780000	Sample	12460462	12302652	56.8666902063	56.8664300998	699	433	464
GDC005.A0101	NA	NA	This_study	NA	sink	Gorilla_2	Gorilla_gorilla_gorilla	Gorilla	Gorilla	Gorilla	GO2	Calculus	Historical	Cameroon	Unknown	Molar	Calculus	B.3	Screening	NA	GDC005	0	0.052	7032000	Sample	16338526	9931068	40.7733488483	40.7727346142	404	375	158
MTM010.A0101	NA	NA	This_study	NA	sink	Gorilla_2	Gorilla_gorilla_gorilla	Gorilla	Gorilla	Gorilla	GO1	Calculus	Historical	Congo	Mount Mikeno	Canine	Calculus	B.2	Screening	NA	MTM010	0	0	468175000	Sample	9581535	9123626	25.8167969621	25.8163585399	235	311	100
BIT001.A0101	NA	NA	This_study	NA	sink	Gorilla_3	Gorilla_beringei_graueri	Gorilla	Gorilla	Gorilla	GO3	Calculus	Historical	Congo	Bitule	Multiple	Calculus	B.3	Screening	NA	BIT001	0	1.65	640900000	Sample	24433589	23239961	14.8763846893	14.8666385456	345	461	64
FDM001.A0101	NA	NA	This_study	NA	sink	Gorilla_3	Gorilla_beringei_graueri	Gorilla	Gorilla	Gorilla	GO3	Calculus	Historical	Congo	Foret de Maniema	Multiple	Calculus	B.3	Screening	NA	FDM001	0	0.0433	28760000	Sample	16663862	4889751	32.0640253461	32.0625733294	156	204	56
IBA001.A0101	NA	NA	This_study	NA	sink	Gorilla_3	Gorilla_beringei_graueri	Gorilla	Gorilla	Gorilla	GO3	Calculus	Historical	Congo	Ibatsero	Multiple	Calculus	B.3	Screening	NA	IBA001	0	0.231	105300000	Sample	12055695	12987664	18.5933821509	18.5919962204	241	407	122
IBA002.A0101	NA	NA	This_study	NA	sink	Gorilla_3	Gorilla_beringei_graueri	Gorilla	Gorilla	Gorilla	GO3	Calculus	Historical	Congo	Ibatsero	Multiple	Calculus	B.3	Screening	NA	IBA002	0	0.433	302800000	Sample	13127864	19022015	51.2898134083	51.2894506707	975	1297	867
LOB001.A0101	NA	NA	This_study	NA	sink	Gorilla_3	Gorilla_beringei_graueri	Gorilla	Gorilla	Gorilla	GO1	Calculus	Historical	Congo	Lubero	Canine	Calculus	B.2	Screening	NA	LOB001	0	0	96297500	Sample	8831605	8770905	22.767080478	22.7634890584	199	296	48
WAL001.A0101	NA	NA	This_study	NA	sink	Gorilla_3	Gorilla_beringei_graueri	Gorilla	Gorilla	Gorilla	GO3	Calculus	Historical	Congo	Walikale	Multiple	Calculus	B.3	Screening	NA	WAL001	0	0.144	94630000	Sample	14985035	14881423	19.3411140857	19.3406437005	287	257	102
OME002.A0101	NA	NA	This_study	NA	sink	Howler_Monkey	Alouatta_palliata	Howler	Alouatta	Alouatta	AL0	Calculus	Historical	Nicaragua	Ometepe Biological Field Station	Multiple	Calculus	B.4	Both	NA	OME002	0	0.479	279400000	Sample	14159411	13994463	18.0070003401	18.0040706099	251	499	151
OME003.A0101	NA	NA	This_study	NA	sink	Howler_Monkey	Alouatta_palliata	Howler	Alouatta	Alouatta	AL0	Calculus	Historical	Nicaragua	Ometepe Biological Field Station	Multiple	Calculus	B.4	Both	NA	OME003	0	3.91	1300000000	Sample	14096803	13956736	16.7146530536	16.7140225336	233	402	70
OME005.A0101	NA	NA	This_study	NA	sink	Howler_Monkey	Alouatta_palliata	Howler	Alouatta	Alouatta	AL0	Calculus	Historical	Nicaragua	Ometepe Biological Field Station	Multiple	Calculus	B.4	Both	NA	OME005	0	0.197	75460000	Sample	9532562	9470819	17.9578133633	17.953579305	170	274	26
OME007.A0101	NA	NA	This_study	NA	sink	Howler_Monkey	Alouatta_palliata	Howler	Alouatta	Alouatta	AL0	Calculus	Historical	Nicaragua	Ometepe Biological Field Station	Multiple	Calculus	B.4	Screening	NA	OME007	0	0.351	76000000	Sample	11587294	11490181	21.4972505655	21.4915239368	247	371	62
OME009.A0101	NA	NA	This_study	NA	sink	Howler_Monkey	Alouatta_palliata	Howler	Alouatta	Alouatta	AL0	Calculus	Historical	Nicaragua	Ometepe Biological Field Station	Multiple	Calculus	B.4	Screening	NA	OME009	0	0.233	41700000	Sample	7487708	7422246	19.4258180071	19.4230829859	144	204	31
LIB007.A0117	NA	NA	This_study	NA	sink	LibraryControl	library_control	LibraryControl	Control	LibraryControl	LI0	Blank	ModernDay	Germany	Jena	None	Blank	X.1	Screening	NA	LIB007.A0117	NA	NA	34460	Control	251819	45330	82.397970439	82.3957643944	3	3	NA
LIB007.A0118	NA	NA	This_study	NA	sink	LibraryControl	library_control	LibraryControl	Control	LibraryControl	LI0	Blank	ModernDay	Germany	Jena	None	Blank	X.1	Screening	NA	LIB007.A0118	NA	NA	1099080	Control	77128	413954	75.6178222701	75.6168559792	31	33	NA
LIB007.A0119	NA	NA	This_study	NA	sink	LibraryControl	library_control	LibraryControl	Control	LibraryControl	LI0	Blank	ModernDay	Germany	Jena	None	Blank	X.1	Screening	NA	LIB007.A0119	NA	NA	28890	Control	707817	295765	65.0394739066	65.0391358004	19	23	NA
LIB007.A0120	NA	NA	This_study	NA	sink	LibraryControl	library_control	LibraryControl	Control	LibraryControl	LI0	Blank	ModernDay	Germany	Jena	None	Blank	X.1	Screening	NA	LIB007.A0120	NA	NA	27580	Control	478362	1296344	49.9674469122	49.9639756114	64	68	0
LIB007.A0122	NA	NA	This_study	NA	sink	LibraryControl	library_control	LibraryControl	Control	LibraryControl	LI0	Blank	ModernDay	Germany	Jena	None	Blank	X.1	Screening	NA	LIB007.A0122	NA	NA	0	Control	2106007	1957237	40.5692821053	40.566523114	79	81	NA
LIB007.A0123  	NA	NA	This_study	NA	sink	LibraryControl	library_control	LibraryControl	Control	LibraryControl	LI0	Blank	ModernDay	Germany	Jena	None	Blank	X.1	Screening	NA	LIB007.A0123  	NA	NA	28420	Control	1786116	1446460	41.2737303486	41.2697896935	59	60	0
LIB007.A0124	NA	NA	This_study	NA	sink	LibraryControl	library_control	LibraryControl	Control	LibraryControl	LI0	Blank	ModernDay	Germany	Jena	None	Blank	X.1	Screening	NA	LIB007.A0124	NA	NA	2438	Control	284572	776026	45.2859826861	45.2844363462	35	40	0
LIB009.A0102	NA	NA	This_study	NA	sink	LibraryControl	library_control	LibraryControl	Control	LibraryControl	LI0	Blank	ModernDay	Germany	Jena	None	Blank	X.1	Screening	NA	LIB009.A0102	NA	NA	1831980	Control	207929	204414	36.103691528	36.0958642754	7	8	0
LIB012.A0101	NA	NA	This_study	NA	sink	LibraryControl	library_control	LibraryControl	Control	LibraryControl	LI0	Blank	ModernDay	Germany	Jena	None	Blank	X.1	Screening	NA	LIB012.A0101	NA	NA	95845	Control	127410	84134	56.5811681365	56.5811681365	4	6	NA
LIB013.A0101	NA	NA	This_study	NA	sink	LibraryControl	library_control	LibraryControl	Control	LibraryControl	LI0	Blank	ModernDay	Germany	Jena	None	Blank	X.1	Screening	NA	LIB013.A0101	NA	NA	80765	Control	527	334	35.0299401198	35.0299401198	1	1	NA
LIB014.A0101	NA	NA	This_study	NA	sink	LibraryControl	library_control	LibraryControl	Control	LibraryControl	LI0	Blank	ModernDay	Germany	Jena	None	Blank	X.1	Screening	NA	LIB014.A0101	NA	NA	598150	Control	1449431	991883	52.0962653861	52.0918293791	51	64	5
LIB015.A0101	NA	NA	This_study	NA	sink	LibraryControl	library_control	LibraryControl	Control	LibraryControl	LI0	Blank	ModernDay	Germany	Jena	None	Blank	X.1	Screening	NA	LIB015.A0101	NA	NA	2495225	Control	1838479	1451516	39.9294944045	39.9287365761	57	73	6
LIB017.A0101	NA	NA	This_study	NA	sink	LibraryControl	library_control	LibraryControl	Control	LibraryControl	LI0	Blank	ModernDay	Germany	Jena	None	Blank	X.1	Screening	NA	LIB017.A0101	NA	NA	810050	Control	1374861	936003	50.197381846	50.1950314262	46	56	1
LIB017.A0102	NA	NA	This_study	NA	sink	LibraryControl	library_control	LibraryControl	Control	LibraryControl	LI0	Blank	ModernDay	Germany	Jena	None	Blank	X.1	Screening	NA	LIB017.A0102	NA	NA	399150	Control	1103495	670043	62.022437366	62.0221388777	41	55	NA
LIB025.A0601	NA	NA	This_study	NA	sink	LibraryControl	library_control	LibraryControl	Control	LibraryControl	LI0	Blank	ModernDay	Germany	Jena	None	Blank	X.1	Screening	NA	LIB025.A0601	NA	NA	39766	Control	724955	718323	62.7042430773	62.7042430773	45	46	0
LIB025.A0701	NA	NA	This_study	NA	sink	LibraryControl	library_control	LibraryControl	Control	LibraryControl	LI0	Blank	ModernDay	Germany	Jena	None	Blank	X.1	Screening	NA	LIB025.A0701	NA	NA	11565	Control	836784	830044	48.6479030027	48.6464572962	40	45	2
JAE006.A0101	NA	NA	Velsko2019	NA	sink	ModernDayHuman_1	Homo_sapiens_sapiens	ModernDayHuman	Homo	Homo (Modern Human)	HM1	Calculus	ModernDay	Spain	Jaen	Unknown	Calculus	C.2	Screening	NA	JAE006	4.3	8.437	1664000000	Sample	19132114	87883942	68.8751137267	68.8749339441	6053	7599	3438
JAE007.A0101	NA	NA	Velsko2019	NA	sink	ModernDayHuman_1	Homo_sapiens_sapiens	ModernDayHuman	Homo	Homo (Modern Human)	HM1	Calculus	ModernDay	Spain	Jaen	Unknown	Calculus	C.2	Screening	NA	JAE007	5.3	10.06	1238500000	Sample	88613670	66419551	73.8007488187	73.8005666434	4901	5881	2639
JAE008.A0101	NA	NA	Velsko2019	NA	sink	ModernDayHuman_1	Homo_sapiens_sapiens	ModernDayHuman	Homo	Homo (Modern Human)	HM1	Calculus	ModernDay	Spain	Jaen	Unknown	Calculus	C.2	Screening	NA	JAE008	4.8	7.161	1156500000	Sample	66728743	65296039	51.9875853419	51.9874444451	3394	4854	1743
JAE009.A0101	NA	NA	Velsko2019	NA	sink	ModernDayHuman_1	Homo_sapiens_sapiens	ModernDayHuman	Homo	Homo (Modern Human)	HM1	Calculus	ModernDay	Spain	Jaen	Unknown	Calculus	C.2	Screening	NA	JAE009	4	7.275	1048000000	Sample	66717630	66062410	44.3771124911	44.3769565779	2931	4934	2377
JAE010.A0101	NA	NA	Velsko2019	NA	sink	ModernDayHuman_1	Homo_sapiens_sapiens	ModernDayHuman	Homo	Homo (Modern Human)	HM1	Calculus	ModernDay	Spain	Jaen	Unknown	Calculus	C.2	Screening	NA	JAE010	5.7	9.86	1104500000	Sample	66584109	60027336	62.4698620642	62.4697587779	3749	5065	2478
JAE012.A0101	NA	NA	Velsko2019	NA	sink	ModernDayHuman_1	Homo_sapiens_sapiens	ModernDayHuman	Homo	Homo (Modern Human)	HM1	Calculus	ModernDay	Spain	Jaen	Unknown	Calculus	C.2	Screening	NA	JAE012	4.7	6.439	935500000	Sample	60316527	62752277	40.9579974285	40.9575671653	2570	5136	3147
JAE013.A0101	NA	NA	Velsko2019	NA	sink	ModernDayHuman_1	Homo_sapiens_sapiens	ModernDayHuman	Homo	Homo (Modern Human)	HM1	Calculus	ModernDay	Spain	Jaen	Unknown	Calculus	C.2	Screening	NA	JAE013	4.2	6.977	1000000000	Sample	63543283	38954329	59.2502671526	59.2500771865	2308	3382	1924
JAE014.A0101	NA	NA	Velsko2019	NA	sink	ModernDayHuman_1	Homo_sapiens_sapiens	ModernDayHuman	Homo	Homo (Modern Human)	HM1	Calculus	ModernDay	Spain	Jaen	Unknown	Calculus	C.2	Screening	NA	JAE014	3.9	6.201	1410500000	Sample	39086563	68620482	39.8550027672	39.8547943747	2734	4299	1521
JAE015.A0101	NA	NA	Velsko2019	NA	sink	ModernDayHuman_1	Homo_sapiens_sapiens	ModernDayHuman	Homo	Homo (Modern Human)	HM1	Calculus	ModernDay	Spain	Jaen	Unknown	Calculus	C.2	Screening	NA	JAE015	2.9	6.88	624500000	Sample	68875543	57512281	48.0804612844	48.0803221837	2765	3834	1299
JAE016.A0101	NA	NA	Velsko2019	NA	sink	ModernDayHuman_1	Homo_sapiens_sapiens	ModernDayHuman	Homo	Homo (Modern Human)	HM1	Calculus	ModernDay	Spain	Jaen	Unknown	Calculus	C.2	Screening	NA	JAE016	3.2	6.357	1518500000	Sample	57698550	94564553	40.5987717195	40.5986871212	3839	5837	2145
VLC001.A0101	NA	NA	This_study	NA	sink	ModernDayHuman_2	Homo_sapiens_sapiens	ModernDayHuman	Homo	Homo (Modern Human)	HM2	Calculus	ModernDay	Spain	Valencia	Unknown	Calculus	C.2	Screening	NA	VLC001	4.6	5.65	51930000	Sample	39763648	34450702	54.4554621848	54.4552241635	1876	2652	1409
VLC002.A0101	NA	NA	This_study	NA	sink	ModernDayHuman_2	Homo_sapiens_sapiens	ModernDayHuman	Homo	Homo (Modern Human)	HM2	Calculus	ModernDay	Spain	Valencia	Unknown	Calculus	C.2	Screening	NA	VLC002	9.9	4.98	56490000	Sample	14651733	15733227	51.2956623584	51.2954716791	807	1156	354
VLC003.A0101	NA	NA	This_study	NA	sink	ModernDayHuman_2	Homo_sapiens_sapiens	ModernDayHuman	Homo	Homo (Modern Human)	HM2	Calculus	ModernDay	Spain	Valencia	Unknown	Calculus	C.2	Screening	NA	VLC003	7.1	4.7	99420000	Sample	25604544	26094614	56.616012791	56.6155644226	1477	2152	871
VLC004.A0101	NA	NA	This_study	NA	sink	ModernDayHuman_2	Homo_sapiens_sapiens	ModernDayHuman	Homo	Homo (Modern Human)	HM2	Calculus	ModernDay	Spain	Valencia	Unknown	Calculus	C.2	Screening	NA	VLC004	6.9	2.93	51260000	Sample	42121391	43315114	39.1942082849	39.1940259005	1697	2989	1349
VLC005.A0101	NA	NA	This_study	NA	sink	ModernDayHuman_2	Homo_sapiens_sapiens	ModernDayHuman	Homo	Homo (Modern Human)	HM2	Calculus	ModernDay	Spain	Valencia	Unknown	Calculus	C.2	Screening	NA	VLC005	11	3.17	45880000	Sample	42366666	44131346	53.4352271966	53.4349779406	2358	3204	1396
VLC008.A0101	NA	NA	This_study	NA	sink	ModernDayHuman_2	Homo_sapiens_sapiens	ModernDayHuman	Homo	Homo (Modern Human)	HM2	Calculus	ModernDay	Spain	Valencia	Unknown	Calculus	C.2	Screening	NA	VLC008	1.9	1.45	18600000	Sample	34385347	35776120	57.734150601	57.7338766753	2065	2876	1236
VLC009.A0101	NA	NA	This_study	NA	sink	ModernDayHuman_2	Homo_sapiens_sapiens	ModernDayHuman	Homo	Homo (Modern Human)	HM2	Calculus	ModernDay	Spain	Valencia	Unknown	Calculus	C.2	Screening	NA	VLC009	2.2	1.2	17510000	Sample	32500037	33664784	48.055724938	48.0556298831	1617	2656	1164
VLC010.A0101	NA	NA	This_study	NA	sink	ModernDayHuman_2	Homo_sapiens_sapiens	ModernDayHuman	Homo	Homo (Modern Human)	HM2	Calculus	ModernDay	Spain	Valencia	Unknown	Calculus	C.2	Screening	NA	VLC010	2.3	0.659	12170000	Sample	18109628	19113086	44.4385433101	44.4384543658	849	1496	548
BAN001.A0101	NA	NA	This_study	NA	sink	Neanderthal	Homo_sapiens_neanderthalensis	Neanderthal	Homo	Homo (Neanderthal)	HN0	Calculus	Palaeolithic	Spain	Banyoles	Unknown	Calculus	B.3	Screening	NA	BAN001	0	0	941500	Sample	10279949	10106625	9.8020456879	9.8018972704	99	32	5
ElSidron1	NA	NA	Weyrich2017	NA	sink	Neanderthal	Homo_sapiens_neanderthalensis	Neanderthal	Homo	Homo (Neanderthal)	HN0	Calculus	Palaeolithic	Spain	El Sidron	Unknown	Calculus	NA	Screening	NA	ElSidron1	NA	NA	NA	Sample	50286713	50263252	16.2938939964	16.2932175578	818	1425	261
ElSidron2	NA	NA	Weyrich2017	NA	sink	Neanderthal	Homo_sapiens_neanderthalensis	Neanderthal	Homo	Homo (Neanderthal)	HN0	Calculus	Palaeolithic	Spain	El Sidron	Unknown	Calculus	NA	Screening	NA	ElSidron2	NA	NA	NA	Sample	48231792	48199813	20.9627161832	20.9623987545	1010	1811	299
FUM001.A0101	NA	NA	This_study	NA	sink	Neanderthal	Homo_sapiens_neanderthalensis	Neanderthal	Homo	Homo (Neanderthal)	HN0	Calculus	Palaeolithic	Italy	Fumane Cave	Molar	Calculus	B.3	Screening	NA	FUM001	0	0.053	143100	Sample	17346934	10808498	32.0846152722	32.0831257035	346	516	112
FUM002.A0101	NA	NA	This_study	NA	sink	Neanderthal	Homo_sapiens_neanderthalensis	Neanderthal	Homo	Homo (Neanderthal)	HN0	Calculus	Palaeolithic	Italy	Fumane Cave	Incisor	Calculus	B.3	Both	NA	FUM002	0	0	9432000	Sample	17170133	17157534	20.8222347104	20.8220540318	357	686	113
FUM003.A0101	NA	NA	This_study	NA	sink	Neanderthal	Homo_sapiens_neanderthalensis	Neanderthal	Homo	Homo (Neanderthal)	HN0	Calculus	Palaeolithic	Italy	Fumane Cave	Incisor	Calculus	B.3	Screening	NA	FUM003	0	0	1378000	Sample	11389360	15708618	22.6705875717	22.6692188963	356	597	74
GDN001.A0101	NA	NA	This_study	NA	sink	Neanderthal	Homo_sapiens_neanderthalensis	Neanderthal	Homo	Homo (Neanderthal)	HN0	Calculus	Palaeolithic	Italy	Grotta de Nadale	Molar	Calculus	B.3	Screening	NA	GDN001	1.8	0	NA	Sample	15326226	30835470	25.2776169781	25.2770299918	779	1096	104
GOY005.A0101	NA	NA	This_study	NA	sink	Neanderthal	Homo_sapiens_neanderthalensis	Neanderthal	Homo	Homo (Neanderthal)	HN0	Calculus	Palaeolithic	Belgium	Goyet	Premolar	Calculus	B.1	Both	NA	GOY005	3	0	29350000	Sample	21055051	9163118	21.2579713587	21.2575784793	194	337	110
GOY006.A0101	NA	NA	This_study	NA	sink	Neanderthal	Homo_sapiens_neanderthalensis	Neanderthal	Homo	Homo (Neanderthal)	HN0	Calculus	Palaeolithic	Belgium	Goyet	Multiple	Calculus	B.1	Screening	NA	GOY006	5	0	0	Sample	9332707	3799236	23.0914583879	23.0905634712	87	131	27
GUE001.A0101	NA	NA	This_study	NA	sink	Neanderthal	Homo_sapiens_neanderthalensis	Neanderthal	Homo	Homo (Neanderthal)	HN0	Calculus	Palaeolithic	Spain	La Guelga	Unknown	Calculus	B.3	Screening	NA	GUE001	0	0	188000	Sample	5048233	11156331	8.5721640923	8.5683456326	95	117	12
PES001.B0101	NA	NA	This_study	NA	sink	Neanderthal	Homo_sapiens_neanderthalensis	Neanderthal	Homo	Homo (Neanderthal)	HN0	Calculus	Palaeolithic	Serbia	Pesturina	Unknown	Calculus	B.1	Both	NA	PES001	0.7	0	10970000	Sample	11916500	11872279	38.8872599776	38.8868893664	461	644	144
SPM001.A0101	NA	NA	This_study	NA	sink	Neanderthal	Homo_sapiens_neanderthalensis	Neanderthal	Homo	Homo (Neanderthal)	HN0	Calculus	Palaeolithic	Spain	Sima de las Palomas	Unknown	Calculus	B.3	Screening	NA	SPM001	0	0	272700	Sample	8654980	4576676	58.0012218475	57.9960434167	265	306	34
SPM002.A0101	NA	NA	This_study	NA	sink	Neanderthal	Homo_sapiens_neanderthalensis	Neanderthal	Homo	Homo (Neanderthal)	HN0	Calculus	Palaeolithic	Spain	Sima de las Palomas	Molar	Calculus	B.3	Screening	NA	SPM002	0	0	110100	Sample	13589782	2095474	76.5404390606	76.5391982912	160	155	32
SpyNew	NA	NA	Weyrich2017	NA	sink	Neanderthal	Homo_sapiens_neanderthalensis	Neanderthal	Homo	Homo (Neanderthal)	HN0	Calculus	Palaeolithic	Belgium	Spy	Unknown	Calculus	NA	Screening	NA	SpyNew	NA	NA	NA	Sample	4041681	4024112	18.3948160489	18.3948160489	74	126	4
SpyOld	NA	NA	Weyrich2017	NA	sink	Neanderthal	Homo_sapiens_neanderthalensis	Neanderthal	Homo	Homo (Neanderthal)	HN0	Calculus	Palaeolithic	Belgium	Spy	Unknown	Calculus	NA	Screening	NA	SpyOld	NA	NA	NA	Sample	17604340	17175527	13.1923637627	13.1880669513	226	289	42
VLD001.A0101	NA	NA	This_study	NA	sink	Neanderthal	Homo_sapiens_neanderthalensis	Neanderthal	Homo	Homo (Neanderthal)	HN0	Calculus	Palaeolithic	Spain	Cueva de Valdegoba	Unknown	Calculus	B.3	Screening	NA	VLD001	0	0	1246000	Sample	10434687	9040714	23.6726214323	23.6718803404	214	307	36
ZAF001.A0101	NA	NA	This_study	NA	sink	Neanderthal	Homo_sapiens_neanderthalensis	Neanderthal	Homo	Homo (Neanderthal)	HN0	Calculus	Palaeolithic	Spain	Cueva del Boquete de Zafarraya	Unknown	Calculus	B.3	Screening	NA	ZAF001	0	0	436500	Sample	11864184	8749845	15.0447350782	15.0424378946	131	183	30
MOA001.A0101	NA	NA	This_study	NA	sink	PreagriculturalHuman_1	Homo_sapiens_sapiens	PreagriculturalHuman	Homo	Homo (Modern Human)	HG1	Calculus	Later_Stone_Age	Ethiopia	Mota	Multiple	Calculus	B.2	Screening	NA	MOA001	2	0	NA	Sample	15210947	15176910	31.5774225452	31.5772644102	479	602	82
OAK001.A0101	NA	NA	This_study	NA	sink	PreagriculturalHuman_1	Homo_sapiens_sapiens	PreagriculturalHuman	Homo	Homo (Modern Human)	HG1	Calculus	Epipalaeolithic	South_Africa	Oakhurst	Molar	Calculus	B.3	Screening	NA	OAK001	1.2	0.128	923900	Sample	11356072	11211671	14.5684706588	14.5671060094	163	235	16
OAK002.A0101	NA	NA	This_study	NA	sink	PreagriculturalHuman_1	Homo_sapiens_sapiens	PreagriculturalHuman	Homo	Homo (Modern Human)	HG1	Calculus	Epipalaeolithic	South_Africa	Oakhurst	Molar	Calculus	B.3	Both	NA	OAK002	1.7	0.068	34460000	Sample	14080724	14005970	29.8923030679	29.8920103356	418	693	293
OAK003.A0101	NA	NA	This_study	NA	sink	PreagriculturalHuman_1	Homo_sapiens_sapiens	PreagriculturalHuman	Homo	Homo (Modern Human)	HG1	Calculus	Epipalaeolithic	South_Africa	Oakhurst	Molar	Calculus	B.3	Screening	NA	OAK003	3.2	0.256	255000000	Sample	17248930	17189509	29.6647216625	29.6643842474	509	683	105
OAK004.A0101	NA	NA	This_study	NA	sink	PreagriculturalHuman_1	Homo_sapiens_sapiens	PreagriculturalHuman	Homo	Homo (Modern Human)	HG1	Calculus	Epipalaeolithic	South_Africa	Oakhurst	Molar	Calculus	B.3	Screening	NA	OAK004	2.9	0.0715	14850000	Sample	14644010	13488774	31.0176447467	31.0172740681	418	735	369
OAK005.A0101	NA	NA	This_study	NA	sink	PreagriculturalHuman_1	Homo_sapiens_sapiens	PreagriculturalHuman	Homo	Homo (Modern Human)	HG1	Calculus	Epipalaeolithic	South_Africa	Oakhurst	Molar	Calculus	B.3	Both	NA	OAK005	0	0.197	234100000	Sample	17004996	16940328	34.0567018537	34.0565365677	576	877	228
TAF008.B0101	NA	NA	This_study	NA	sink	PreagriculturalHuman_1	Homo_sapiens_sapiens	PreagriculturalHuman	Homo	Homo (Modern Human)	HG1	Calculus	Epipalaeolithic	Morroco	Taforalt	Canine	Calculus	B.3	Both	NA	TAF008	3.1	0	157600	Sample	11620086	11524885	31.4366000181	31.4363830962	362	544	93
TAF016.B0101	NA	NA	This_study	NA	sink	PreagriculturalHuman_1	Homo_sapiens_sapiens	PreagriculturalHuman	Homo	Homo (Modern Human)	HG1	Calculus	Epipalaeolithic	Morroco	Taforalt	Canine	Calculus	B.3	Screening	NA	TAF016	0	0.0255	10960	Sample	5938606	4769590	24.109472722	24.1073132072	114	132	0
TAF017.A0101	NA	NA	This_study	NA	sink	PreagriculturalHuman_1	Homo_sapiens_sapiens	PreagriculturalHuman	Homo	Homo (Modern Human)	HG1	Calculus	Epipalaeolithic	Morroco	Taforalt	Molar	Calculus	B.3	Screening	NA	TAF017	6	0	NA	Sample	13103693	19456044	27.178541537	27.1771486537	528	371	42
TAF018.A0101	NA	NA	This_study	NA	sink	PreagriculturalHuman_1	Homo_sapiens_sapiens	PreagriculturalHuman	Homo	Homo (Modern Human)	HG1	Calculus	Epipalaeolithic	Morroco	Taforalt	Molar	Calculus	B.3	Screening	NA	TAF018	3.9	0	NA	Sample	15204802	14681780	25.5307735166	25.5302150012	374	552	115
DLV001.A0101	NA	NA	This_study	NA	sink	PreagriculturalHuman_2	Homo_sapiens_sapiens	PreagriculturalHuman	Homo	Homo (Modern Human)	HG2	Calculus	Palaeolithic	Czech_Republic	Dolni Vestonice II	Molar	Calculus	B.3	Screening	NA	DLV001	0	0	9064000	Sample	6961447	986675	55.6205437454076	55.619226188968	54	58	6
DLV002.A0101	NA	NA	This_study	NA	sink	PreagriculturalHuman_2	Homo_sapiens_sapiens	PreagriculturalHuman	Homo	Homo (Modern Human)	HG2	Calculus	Palaeolithic	Czech_Republic	Dolni Vestonice II	Premolar	Calculus	B.3	Screening	NA	DLV002	0	0	407200	Sample	87401	83056	12.8154498169909	12.8022057407051	1	1	0
ECO002.B0101	NA	NA	This_study	NA	sink	PreagriculturalHuman_2	Homo_sapiens_sapiens	PreagriculturalHuman	Homo	Homo (Modern Human)	HG2	Calculus	Mesolithic	Spain	El Collado	Multiple	Calculus	B.3	Both	NA	ECO002	20	0.104	NA	Sample	24822418	24662284	22.9265180792	22.9258003841	565	779	117
ECO004.B0101	NA	NA	This_study	NA	sink	PreagriculturalHuman_2	Homo_sapiens_sapiens	PreagriculturalHuman	Homo	Homo (Modern Human)	HG2	Calculus	Mesolithic	Spain	El Collado	Multiple	Calculus	B.3	Both	NA	ECO004	4.5	0	NA	Sample	20898179	20400171	21.541687077	21.5400498359	439	595	162
ECO006.B0101	NA	NA	This_study	NA	sink	PreagriculturalHuman_2	Homo_sapiens_sapiens	PreagriculturalHuman	Homo	Homo (Modern Human)	HG2	Calculus	Mesolithic	Spain	El Collado	Premolar	Calculus	B.3	Screening	NA	ECO006	2.6	0	5513000	Sample	10587665	10488914	8.0043177015	7.9999702543	83	114	8
ECO010.B0101	NA	NA	This_study	NA	sink	PreagriculturalHuman_2	Homo_sapiens_sapiens	PreagriculturalHuman	Homo	Homo (Modern Human)	HG2	Calculus	Mesolithic	Spain	El Collado	Molar	Calculus	B.3	Screening	NA	ECO010	5.1	0.11	148700000	Sample	12320812	12246134	17.9660536133	17.9658413014	220	270	29
EMN001.A0101	NA	NA	This_study	NA	sink	PreagriculturalHuman_2	Homo_sapiens_sapiens	PreagriculturalHuman	Homo	Homo (Modern Human)	HG2	Calculus	Palaeolithic	Spain	El Miron	Premolar	Calculus	B.3	Both	NA	EMN001	0	0	17440000	Sample	12639045	12579489	19.6866104816	19.6863322509	247	539	209
OFN001.A0101	NA	NA	This_study	NA	sink	PreagriculturalHuman_2	Homo_sapiens_sapiens	PreagriculturalHuman	Homo	Homo (Modern Human)	HG2	Calculus	Palaeolithic	Germany	Grosse Ofnet Hoehle	NA	Calculus	B.3	Screening	NA	OFN001	0	0	28950000	Sample	12573910	12400690	28.5132520851662	28.5124214862237	353	544	83
PLV001.A0101	NA	NA	This_study	NA	sink	PreagriculturalHuman_2	Homo_sapiens_sapiens	PreagriculturalHuman	Homo	Homo (Modern Human)	HG2	Calculus	Palaeolithic	Czech_Republic	Pavlov	Premolar	Calculus	B.3	Screening	NA	PLV001	0	0	5603000	Sample	11670577	11431381	19.1569942424279	19.1562594230741	218	348	94
RIG001.A0101	NA	NA	This_study	NA	sink	PreagriculturalHuman_2	Homo_sapiens_sapiens	PreagriculturalHuman	Homo	Homo (Modern Human)	HG2	Calculus	Mesolithic	France	Rigney	Multiple	Calculus	B.3	Screening	NA	RIG001	0	0	3006000	Sample	26219271	26077448	18.1355399500749	18.135263849438	472	881	197
ESA003.A0101	NA	NA	This_study	NA	sink	PreantibioticHuman_1	Homo_sapiens_sapiens	PreantibioticHuman	Homo	Homo (Modern Human)	HA1	Calculus	Historical	Morroco	Essaouira	Multiple	Calculus	B.3	Screening	NA	ESA003	7.1	3.2	218600000	Sample	10175536	10129501	39.7853951542	39.7851384782	403	593	159
ESA004.A0101	NA	NA	This_study	NA	sink	PreantibioticHuman_1	Homo_sapiens_sapiens	PreantibioticHuman	Homo	Homo (Modern Human)	HA1	Calculus	Historical	Morroco	Essaouira	Multiple	Calculus	B.3	Screening	NA	ESA004	9.8	1.12	299800000	Sample	7856208	7824141	34.0198112483	34.0192105434	266	369	88
ESA006.A0101	NA	NA	This_study	NA	sink	PreantibioticHuman_1	Homo_sapiens_sapiens	PreantibioticHuman	Homo	Homo (Modern Human)	HA1	Calculus	Historical	Morroco	Essaouira	Multiple	Calculus	B.3	Screening	NA	ESA006	14.5	0.241	139500000	Sample	11274114	11233426	33.8263144298	33.8249524232	379	520	114
ESA007.A0101	NA	NA	This_study	NA	sink	PreantibioticHuman_1	Homo_sapiens_sapiens	PreantibioticHuman	Homo	Homo (Modern Human)	HA1	Calculus	Historical	Morroco	Essaouira	Multiple	Calculus	B.3	Screening	NA	ESA007	9.7	3.2	1072000000	Sample	9967273	9903431	33.429374123	33.4288086624	331	475	72
ESA008.A0101	NA	NA	This_study	NA	sink	PreantibioticHuman_1	Homo_sapiens_sapiens	PreantibioticHuman	Homo	Homo (Modern Human)	HA1	Calculus	Historical	Morroco	Essaouira	Multiple	Calculus	B.3	Screening	NA	ESA008	9.7	3.38	874200000	Sample	9162818	9119930	31.2336936797	31.2333537648	284	435	80
PYK001.A0101	NA	NA	This_study	NA	sink	PreantibioticHuman_1	Homo_sapiens_sapiens	PreantibioticHuman	Homo	Homo (Modern Human)	HA1	Calculus	Historical	South_Africa	Polyoak	Multiple	Calculus	B.3	Screening	NA	PYK001	9.2	0.286	450700000	Sample	15328223	15248245	20.4166905765	20.4053384504	311	445	65
PYK002.A0101	NA	NA	This_study	NA	sink	PreantibioticHuman_1	Homo_sapiens_sapiens	PreantibioticHuman	Homo	Homo (Modern Human)	HA1	Calculus	Historical	South_Africa	Polyoak	Incisor	Calculus	B.3	Screening	NA	PYK002	3.7	0.344	731900000	Sample	17328324	17218978	26.181675823	26.1789578917	450	819	259
PYK003.A0101	NA	NA	This_study	NA	sink	PreantibioticHuman_1	Homo_sapiens_sapiens	PreantibioticHuman	Homo	Homo (Modern Human)	HA1	Calculus	Historical	South_Africa	Polyoak	Multiple	Calculus	B.3	Screening	NA	PYK003	3.6	0.036	407500000	Sample	14780665	14732223	24.8523525608	24.8512122033	366	584	141
PYK004.A0101	NA	NA	This_study	NA	sink	PreantibioticHuman_1	Homo_sapiens_sapiens	PreantibioticHuman	Homo	Homo (Modern Human)	HA1	Calculus	Historical	South_Africa	Polyoak	Incisor	Calculus	B.3	Screening	NA	PYK004	4.5	0	1672000000	Sample	16765146	16708305	35.8049963776	35.8045654541	598	996	320
PYK005.A0101	NA	NA	This_study	NA	sink	PreantibioticHuman_1	Homo_sapiens_sapiens	PreantibioticHuman	Homo	Homo (Modern Human)	HA1	Calculus	Historical	South_Africa	Polyoak	Molar	Calculus	B.3	Screening	NA	PYK005	4.8	0.995	1621000000	Sample	21523136	21468513	23.8034883925	23.8031763076	511	849	239
BSQ001.A0101	NA	NA	This_study	NA	sink	PreantibioticHuman_2	Homo_sapiens_sapiens	PreantibioticHuman	Homo	Homo (Modern Human)	HA2	Calculus	Historical	Spain	Unknown	Multiple	Calculus	B.3	Screening	NA	BSQ001	12.6	0.37	166200000	Sample	10907303	10866912	13.4173719268	13.4168381965	145	126	14
LIS001.A0101	NA	NA	This_study	NA	sink	PreantibioticHuman_2	Homo_sapiens_sapiens	PreantibioticHuman	Homo	Homo (Modern Human)	HA2	Calculus	Historical	Portugal	Lisbon	Multiple	Calculus	B.3	Screening	NA	LIS001	0	0.8	323800000	Sample	10650194	10615930	33.4152730849	33.4150470095	354	525	137
LIS002.A0101	NA	NA	This_study	NA	sink	PreantibioticHuman_2	Homo_sapiens_sapiens	PreantibioticHuman	Homo	Homo (Modern Human)	HA2	Calculus	Historical	Portugal	Lisbon	Multiple	Calculus	B.3	Screening	NA	LIS002	15.3	2.18	270800000	Sample	11617006	11561710	29.0428232502	29.0426416162	335	474	78
LIS003.A0101	NA	NA	This_study	NA	sink	PreantibioticHuman_2	Homo_sapiens_sapiens	PreantibioticHuman	Homo	Homo (Modern Human)	HA2	Calculus	Historical	Portugal	Lisbon	Multiple	Calculus	B.3	Screening	NA	LIS003	11.1	6.9	299700000	Sample	10478999	10417160	31.6170626159	31.6168514259	329	556	212
SRR1761698	NA	NA	ObregonTito2015	SRR1761698	source	ruralGut	Matses_gut	gut	Gut	Gut	GR1	Not_Oral	ModernDay	Peru	Unknown	NA	NA	NA	NA	PRJNA268964	SRR1761698	NA	NA	NA	Sample	50125762	50124132	28.9409300893	28.940660758	1450	2396	820
SRR1761705	NA	NA	ObregonTito2015	SRR1761705	source	ruralGut	Matses_gut	gut	Gut	Gut	GR1	Not_Oral	ModernDay	Peru	Unknown	NA	NA	NA	NA	PRJNA268964	SRR1761705	NA	NA	NA	Sample	43135531	43133339	14.3705869838	14.3701650364	619	1289	406
SRR1761710	NA	NA	ObregonTito2015	SRR1761710	source	ruralGut	Matses_gut	gut	Gut	Gut	GR1	Not_Oral	ModernDay	Peru	Unknown	NA	NA	NA	NA	PRJNA268964	SRR1761710	NA	NA	NA	Sample	40041269	40040055	22.3335132781	22.3332135783	894	2128	620
SRR1761718	NA	NA	ObregonTito2015	SRR1761718	source	ruralGut	Matses_gut	gut	Gut	Gut	GR1	Not_Oral	ModernDay	Peru	Unknown	NA	NA	NA	NA	PRJNA268964	SRR1761718	NA	NA	NA	Sample	43880225	43877103	19.0412958668	19.0407944663	835	2107	581
SRR1761721	NA	NA	ObregonTito2015	SRR1761721	source	ruralGut	Matses_gut	gut	Gut	Gut	GR1	Not_Oral	ModernDay	Peru	Unknown	NA	NA	NA	NA	PRJNA268964	SRR1761721	NA	NA	NA	Sample	43668569	43665784	17.6088605211	17.6081185214	768	1887	392
SRR1929408	NA	NA	Rampelli‎2015	SRR1929408	source	ruralGut	Hadza_gut	gut	Gut	Gut	GR2	Not_Oral	ModernDay	Tanzania	Unknown	NA	NA	NA	NA	PRJNA278393	SRR1929408	NA	NA	NA	Sample	59782659	59782411	17.9594412811	17.9521715844	1073	2251	630
SRR1930121	NA	NA	Rampelli‎2015	SRR1930121	source	ruralGut	Hadza_gut	gut	Gut	Gut	GR2	Not_Oral	ModernDay	Tanzania	Unknown	NA	NA	NA	NA	PRJNA278393	SRR1930121	NA	NA	NA	Sample	68362818	68362509	13.3249059071	13.3178435566	910	2203	371
SRR1930123	NA	NA	Rampelli‎2015	SRR1930123	source	ruralGut	Hadza_gut	gut	Gut	Gut	GR2	Not_Oral	ModernDay	Tanzania	Unknown	NA	NA	NA	NA	PRJNA278393	SRR1930123	NA	NA	NA	Sample	73941254	73940528	11.0220635698	11.014818558	814	2699	424
SRR1930141	NA	NA	Rampelli‎2015	SRR1930141	source	ruralGut	Hadza_gut	gut	Gut	Gut	GR2	Not_Oral	ModernDay	Tanzania	Unknown	NA	NA	NA	NA	PRJNA278393	SRR1930141	NA	NA	NA	Sample	61586458	61586289	15.0714747563	15.0649116072	928	2549	403
SRR1930145	NA	NA	Rampelli‎2015	SRR1930145	source	ruralGut	Hadza_gut	gut	Gut	Gut	GR2	Not_Oral	ModernDay	Tanzania	Unknown	NA	NA	NA	NA	PRJNA278393	SRR1930145	NA	NA	NA	Sample	32302251	32301173	11.6186616505	11.6177576585	375	1121	225
ERR1883418	NA	NA	Slon2017	ERR1883418	source	sediment	Sediment-chagyrskayaL5603	sediment	Sediment	Sediment	SE1	Not_Oral	ModernDay	Russia	Chagyrskaya Cave	NA	NA	NA	Screening	PRJEB18629	ERR1883418	NA	NA	NA	Sample	15911739	15313919	10.582980098	10.582007127	162	138	17
ERR1883419	NA	NA	Slon2017	ERR1883419	source	sediment	Sediment-chagyrskayaL5604	sediment	Sediment	Sediment	SE1	Not_Oral	ModernDay	Russia	Chagyrskaya Cave	NA	NA	NA	Screening	PRJEB18629	ERR1883419	NA	NA	NA	Sample	15703602	14971987	12.3541451111	12.3534905554	184	140	13
ERR1883420	NA	NA	Slon2017	ERR1883420	source	sediment	Sediment-chagyrskayaL5605	sediment	Sediment	Sediment	SE1	Not_Oral	ModernDay	Russia	Chagyrskaya Cave	NA	NA	NA	Screening	PRJEB18629	ERR1883420	NA	NA	NA	Sample	17779835	17128621	10.1260048897	10.1249481788	173	166	21
ERR1883421	NA	NA	Slon2017	ERR1883421	source	sediment	Sediment-chagyrskayaL5606	sediment	Sediment	Sediment	SE1	Not_Oral	ModernDay	Russia	Chagyrskaya Cave	NA	NA	NA	Screening	PRJEB18629	ERR1883421	NA	NA	NA	Sample	16219073	15512230	7.2768970032	7.2748276682	112	112	13
ERR1883422	NA	NA	Slon2017	ERR1883422	source	sediment	Sediment-chagyrskayaL5607	sediment	Sediment	Sediment	SE1	Not_Oral	ModernDay	Russia	Chagyrskaya Cave	NA	NA	NA	Screening	PRJEB18629	ERR1883422	NA	NA	NA	Sample	19514239	16579390	6.2484325418	6.24659894	103	146	91
ERR1883423	NA	NA	Slon2017	ERR1883423	source	sediment	Sediment-chagyrskayaL5608	sediment	Sediment	Sediment	SE1	Not_Oral	ModernDay	Russia	Chagyrskaya Cave	NA	NA	NA	Screening	PRJEB18629	ERR1883423	NA	NA	NA	Sample	15554546	14450910	10.7424930333	10.7398150013	155	220	59
ERR1883424	NA	NA	Slon2017	ERR1883424	source	sediment	Sediment-chagyrskayaL5609	sediment	Sediment	Sediment	SE1	Not_Oral	ModernDay	Russia	Chagyrskaya Cave	NA	NA	NA	Screening	PRJEB18629	ERR1883424	NA	NA	NA	Sample	18474079	17758233	4.9407956298	4.9321911701	87	114	13
ERR1883430	NA	NA	Slon2017	ERR1883430	source	sediment	denisovaEast-A2423	sediment	Sediment	Sediment	SE2	Not_Oral	ModernDay	Russia	Denisova Cave	NA	NA	NA	Screening	PRJEB18629	ERR1883430	NA	NA	NA	Sample	15650207	14823024	9.34956322	9.3478226845	138	178	22
ERR1883436	NA	NA	Slon2017	ERR1883436	source	sediment	denisovaEast-A2424	sediment	Sediment	Sediment	SE2	Not_Oral	ModernDay	Russia	Denisova Cave	NA	NA	NA	Screening	PRJEB18629	ERR1883436	NA	NA	NA	Sample	21297058	20645139	11.0567238128	11.0555031865	228	302	40
ERR1883438	NA	NA	Slon2017	ERR1883438	source	sediment	denisovaEast-A2425	sediment	Sediment	Sediment	SE2	Not_Oral	ModernDay	Russia	Denisova Cave	NA	NA	NA	Screening	PRJEB18629	ERR1883438	NA	NA	NA	Sample	17742886	17270876	6.4047590869	6.3915229314	110	140	22
SRR1631060	NA	NA	Oh2016	SRR1631060	source	skin	palm-swab	skin	Skin	Skin	SK0	Not_Oral	ModernDay	USA	Washington DC	NA	NA	NA	NA	PRJNA46333	SRR1631060	NA	NA	NA	Sample	30740748	30740601	31.0131086897	31.0101874716	953	1107	502
SRR1631061	NA	NA	Oh2016	SRR1631061	source	skin	palm-swab	skin	Skin	Skin	SK0	Not_Oral	ModernDay	USA	Washington DC	NA	NA	NA	NA	PRJNA46333	SRR1631061	NA	NA	NA	Sample	31571128	31570995	30.9325949341	30.9293989626	976	1133	518
SRR1631063	NA	NA	Oh2016	SRR1631063	source	skin	palm-swab	skin	Skin	Skin	SK0	Not_Oral	ModernDay	USA	Washington DC	NA	NA	NA	NA	PRJNA46333	SRR1631063	NA	NA	NA	Sample	34647618	34647437	31.1753449469	31.172011367	1080	1255	576
SRR1631064	NA	NA	Oh2016	SRR1631064	source	skin	palm-swab	skin	Skin	Skin	SK0	Not_Oral	ModernDay	USA	Washington DC	NA	NA	NA	NA	PRJNA46333	SRR1631064	NA	NA	NA	Sample	34889835	34889698	31.0304864204	31.0270613406	1082	1257	568
SRR1633008	NA	NA	Oh2016	SRR1633008	source	skin	palm-swab	skin	Skin	Skin	SK0	Not_Oral	ModernDay	USA	Washington DC	NA	NA	NA	NA	PRJNA46333	SRR1633008	NA	NA	NA	Sample	19880491	19880439	56.5703051125	56.5671160481	1124	1265	550
SRR3184100	NA	NA	Oh2016	SRR3184100	source	skin	palm-swab	skin	Skin	Skin	SK0	Not_Oral	ModernDay	USA	Washington DC	NA	NA	NA	NA	PRJNA46333	SRR3184100	NA	NA	NA	Sample	26261747	26261725	62.8183639879	62.81573659	1649	1792	988
SRR3184876	NA	NA	Oh2016	SRR3184876	source	skin	palm-swab	skin	Skin	Skin	SK0	Not_Oral	ModernDay	USA	Washington DC	NA	NA	NA	NA	PRJNA46333	SRR3184876	NA	NA	NA	Sample	40471750	40471677	40.2619861786	40.2615167145	1629	1740	1066
SRR3189411	NA	NA	Oh2016	SRR3189411	source	skin	palm-swab	skin	Skin	Skin	SK0	Not_Oral	ModernDay	USA	Washington DC	NA	NA	NA	NA	PRJNA46333	SRR3189411	NA	NA	NA	Sample	19815217	19815178	68.4641944675	68.4628974819	1356	1429	783
SRR3189416	NA	NA	Oh2016	SRR3189416	source	skin	palm-swab	skin	Skin	Skin	SK0	Not_Oral	ModernDay	USA	Washington DC	NA	NA	NA	NA	PRJNA46333	SRR3189416	NA	NA	NA	Sample	18295464	18295439	68.1865190554	68.1851361971	1247	1315	720
SRR3189418	NA	NA	Oh2016	SRR3189418	source	skin	palm-swab	skin	Skin	Skin	SK0	Not_Oral	ModernDay	USA	Washington DC	NA	NA	NA	NA	PRJNA46333	SRR3189418	NA	NA	NA	Sample	16666160	16666141	68.1038639959	68.1025139533	1135	1196	649
SRR061294	NA	NA	HMP2012	SRR061294	source	subPlaque	HMP_subPlaque	plaque	Plaque	Plaque	PB0	Plaque	ModernDay	USA	Unknown	NA	NA	NA	NA	PRJNA48479	SRR061294	NA	NA	NA	Sample	10381260	10375487	39.7867107346	39.7865854393	412	846	433
SRR062298	NA	NA	HMP2012	SRR062298	source	subPlaque	HMP_subPlaque	plaque	Plaque	Plaque	PB0	Plaque	ModernDay	USA	Unknown	NA	NA	NA	NA	PRJNA48479	SRR062298	NA	NA	NA	Sample	13970849	13965094	36.235151729	36.2349870327	506	917	450
SRR062299	NA	NA	HMP2012	SRR062299	source	subPlaque	HMP_subPlaque	plaque	Plaque	Plaque	PB0	Plaque	ModernDay	USA	Unknown	NA	NA	NA	NA	PRJNA48479	SRR062299	NA	NA	NA	Sample	6701027	6689934	39.3349321533	39.3345883532	263	510	243
SRR513165	NA	NA	HMP2012	SRR513165	source	subPlaque	HMP_subPlaque	plaque	Plaque	Plaque	PB0	Plaque	ModernDay	USA	Unknown	NA	NA	NA	NA	PRJNA48479	SRR513165	NA	NA	NA	Sample	14351592	14347143	46.3613278267	46.3612023662	665	1098	505
SRR513768	NA	NA	HMP2012	SRR513768	source	subPlaque	HMP_subPlaque	plaque	Plaque	Plaque	PB0	Plaque	ModernDay	USA	Unknown	NA	NA	NA	NA	PRJNA48479	SRR513768	NA	NA	NA	Sample	27861563	27853488	40.5717732731	40.5716512058	1130	2159	994
SRR513775	NA	NA	HMP2012	SRR513775	source	subPlaque	HMP_subPlaque	plaque	Plaque	Plaque	PB0	Plaque	ModernDay	USA	Unknown	NA	NA	NA	NA	PRJNA48479	SRR513775	NA	NA	NA	Sample	24139399	24135024	48.2034159154	48.2029642896	1163	2023	845
SRR514202	NA	NA	HMP2012	SRR514202	source	subPlaque	HMP_subPlaque	plaque	Plaque	Plaque	PB0	Plaque	ModernDay	USA	Unknown	NA	NA	NA	NA	PRJNA48479	SRR514202	NA	NA	NA	Sample	11758533	11742026	74.614355308	74.6140061349	876	1088	489
SRR514239	NA	NA	HMP2012	SRR514239	source	subPlaque	HMP_subPlaque	plaque	Plaque	Plaque	PB0	Plaque	ModernDay	USA	Unknown	NA	NA	NA	NA	PRJNA48479	SRR514239	NA	NA	NA	Sample	16645687	16633965	41.4801461948	41.479875664	689	1314	620
SRR514306	NA	NA	HMP2012	SRR514306	source	subPlaque	HMP_subPlaque	plaque	Plaque	Plaque	PB0	Plaque	ModernDay	USA	Unknown	NA	NA	NA	NA	PRJNA48479	SRR514306	NA	NA	NA	Sample	37922051	37919535	38.7233150407	38.7232095541	1468	3144	1475
SRR514329	NA	NA	HMP2012	SRR514329	source	subPlaque	HMP_subPlaque	plaque	Plaque	Plaque	PB0	Plaque	ModernDay	USA	Unknown	NA	NA	NA	NA	PRJNA48479	SRR514329	NA	NA	NA	Sample	28154404	28140094	58.045026431	58.0446248687	1633	2334	881
SRR061192	NA	NA	HMP2012	SRR061192	source	supPlaque	HMP_supPlaque	plaque	Plaque	Plaque	PP1	Plaque	ModernDay	USA	Unknown	NA	NA	NA	NA	PRJNA48479	SRR061192	NA	NA	NA	Sample	21920659	21917339	51.2762521034	51.2760787247	1123	1812	879
SRR061320	NA	NA	HMP2012	SRR061320	source	supPlaque	HMP_supPlaque	plaque	Plaque	Plaque	PP1	Plaque	ModernDay	USA	Unknown	NA	NA	NA	NA	PRJNA48479	SRR061320	NA	NA	NA	Sample	23530045	23527394	51.6168174002	51.6166473856	1214	1913	921
SRR061365	NA	NA	HMP2012	SRR061365	source	supPlaque	HMP_supPlaque	plaque	Plaque	Plaque	PP1	Plaque	ModernDay	USA	Unknown	NA	NA	NA	NA	PRJNA48479	SRR061365	NA	NA	NA	Sample	26909112	26907232	56.2806497525	56.2804899441	1514	2272	942
SRR061562	NA	NA	HMP2012	SRR061562	source	supPlaque	HMP_supPlaque	plaque	Plaque	Plaque	PP1	Plaque	ModernDay	USA	Unknown	NA	NA	NA	NA	PRJNA48479	SRR061562	NA	NA	NA	Sample	32961137	32958887	43.1434410998	43.1428888967	1421	2756	1403
SRR062083	NA	NA	HMP2012	SRR062083	source	supPlaque	HMP_supPlaque	plaque	Plaque	Plaque	PP1	Plaque	ModernDay	USA	Unknown	NA	NA	NA	NA	PRJNA48479	SRR062083	NA	NA	NA	Sample	33718000	33714761	58.6021179269	58.6019073367	1975	2885	1368
SRR063517	NA	NA	HMP2012	SRR063517	source	supPlaque	HMP_supPlaque	plaque	Plaque	Plaque	PP1	Plaque	ModernDay	USA	Unknown	NA	NA	NA	NA	PRJNA48479	SRR063517	NA	NA	NA	Sample	25967036	25964367	59.3721849641	59.3719808382	1541	2348	1139
SRR1804664	NA	NA	HMP2012	SRR1804664	source	supPlaque	HMP_supPlaque	plaque	Plaque	Plaque	PP1	Plaque	ModernDay	USA	Unknown	NA	NA	NA	NA	PRJNA48479	SRR1804664	NA	NA	NA	Sample	27545705	27544110	39.7435676811	39.7435422673	1094	2377	1098
SRR1804823	NA	NA	HMP2012	SRR1804823	source	supPlaque	HMP_supPlaque	plaque	Plaque	Plaque	PP1	Plaque	ModernDay	USA	Unknown	NA	NA	NA	NA	PRJNA48479	SRR1804823	NA	NA	NA	Sample	19303573	19301199	68.0495289438	68.0491403669	1313	1696	773
SRR512767	NA	NA	HMP2012	SRR512767	source	supPlaque	HMP_supPlaque	plaque	Plaque	Plaque	PP1	Plaque	ModernDay	USA	Unknown	NA	NA	NA	NA	PRJNA48479	SRR512767	NA	NA	NA	Sample	66557754	66555322	56.2443225802	56.24428652	3743	6134	2532
SRR513828	NA	NA	HMP2012	SRR513828	source	supPlaque	HMP_supPlaque	plaque	Plaque	Plaque	PP1	Plaque	ModernDay	USA	Unknown	NA	NA	NA	NA	PRJNA48479	SRR513828	NA	NA	NA	Sample	46402367	46396092	33.5282053497	33.5280544749	1555	3924	2178
SRR059389	NA	NA	HMP2012	SRR059389	source	urbanGut	HMP_gut	gut	Gut	Gut	GU1	Not_Oral	ModernDay	USA	Unknown	NA	NA	NA	NA	PRJNA48479	SRR059389	NA	NA	NA	Sample	45099726	45098888	76.7532560892	76.7532073075	3461	4315	2046
SRR059425	NA	NA	HMP2012	SRR059425	source	urbanGut	HMP_gut	gut	Gut	Gut	GU1	Not_Oral	ModernDay	USA	Unknown	NA	NA	NA	NA	PRJNA48479	SRR059425	NA	NA	NA	Sample	36488859	36488576	33.26753283	33.2674478719	1213	2435	990
SRR059455	NA	NA	HMP2012	SRR059455	source	urbanGut	HMP_gut	gut	Gut	Gut	GU1	Not_Oral	ModernDay	USA	Unknown	NA	NA	NA	NA	PRJNA48479	SRR059455	NA	NA	NA	Sample	36349730	36349527	46.6478669722	46.6477156635	1695	2569	1300
SRR059917	NA	NA	HMP2012	SRR059917	source	urbanGut	HMP_gut	gut	Gut	Gut	GU1	Not_Oral	ModernDay	USA	Unknown	NA	NA	NA	NA	PRJNA48479	SRR059917	NA	NA	NA	Sample	41461174	41460716	59.4056045728	59.4055804536	2462	3668	819
SRR060358	NA	NA	HMP2012	SRR060358	source	urbanGut	HMP_gut	gut	Gut	Gut	GU1	Not_Oral	ModernDay	USA	Unknown	NA	NA	NA	NA	PRJNA48479	SRR060358	NA	NA	NA	Sample	37402845	37402539	74.8739036139	74.8737111136	2800	3452	1230
SRR1761677	NA	NA	Sankaranarayanan2015	SRR1761677	source	urbanGut	Norman_gut	gut	Gut	Gut	GU2	Not_Oral	ModernDay	USA	Norman	NA	NA	NA	NA	PRJNA268964	SRR1761677	NA	NA	NA	Sample	37323510	37322236	46.7433596422	46.7430193625	1744	2666	1084
SRR1761682	NA	NA	Sankaranarayanan2015	SRR1761682	source	urbanGut	Norman_gut	gut	Gut	Gut	GU2	Not_Oral	ModernDay	USA	Norman	NA	NA	NA	NA	PRJNA268964	SRR1761682	NA	NA	NA	Sample	28774192	28773379	54.6880677448	54.6876819716	1573	2262	1458
SRR1761688	NA	NA	Sankaranarayanan2015	SRR1761688	source	urbanGut	Norman_gut	gut	Gut	Gut	GU2	Not_Oral	ModernDay	USA	Norman	NA	NA	NA	NA	PRJNA268964	SRR1761688	NA	NA	NA	Sample	29901415	29900649	53.2775291934	53.277067665	1593	2497	987
SRR1761692	NA	NA	Sankaranarayanan2015	SRR1761692	source	urbanGut	Norman_gut	gut	Gut	Gut	GU2	Not_Oral	ModernDay	USA	Norman	NA	NA	NA	NA	PRJNA268964	SRR1761692	NA	NA	NA	Sample	31441750	31440728	45.4759285472	45.4756263913	1429	2459	1016
SRR1761697	NA	NA	Sankaranarayanan2015	SRR1761697	source	urbanGut	Norman_gut	gut	Gut	Gut	GU2	Not_Oral	ModernDay	USA	Norman	NA	NA	NA	NA	PRJNA268964	SRR1761697	NA	NA	NA	Sample	35930529	35929433	36.2598040442	36.2595591197	1302	2231	800
